s,s,s,s,s,s,,,,,,,,,,,,,,,,,,,,,,,,,,,,,,,,,,,,,,,,,,,,
Company,Location ID,Location City,Location County,Mailing Address,Mailing Address,,,,,,,,,,,,,,,,,,,,,,,,,,,,,,,,,,,,,,,,,,,,
"541 GRAIN COMPANY, LLC",1612,COSHOCTON,COSHOCTON,54980 STATE ROUTE 541,COSHOCTON OH 43812,,,,,,,,,,,,,,,,,,,,,,,,,,,,,,,,,,,,,,,,,,,,
"A. G. BOOGHER & SON, INC.",4612,SANTA FE,LOGAN,10736 SANTA FE LINE RD.,WAPAKONETA OH 45895,,,,,,,,,,,,,,,,,,,,,,,,,,,,,,,,,,,,,,,,,,,,
ADM ANIMAL NUTRITION,7904,SUGARCREEK,TUSCARAWAS,"P.O. BOX C1, 1000 N. 30th STREET",QUINCY IL 62305,,,,,,,,,,,,,,,,,,,,,,,,,,,,,,,,,,,,,,,,,,,,
ADM GRAIN COMPANY,2506,COLUMBUS,FRANKLIN,P. O. BOX 1470,DECATUR IL 62525,,,,,,,,,,,,,,,,,,,,,,,,,,,,,,,,,,,,,,,,,,,,
ADM GRAIN COMPANY,4803,TOLEDO,LUCAS,P. O. BOX 1470,DECATUR IL 62525,,,,,,,,,,,,,,,,,,,,,,,,,,,,,,,,,,,,,,,,,,,,
"AGREX, INC.",8704,COLUMBUS GROVE,WOOD,"9401 INDIAN CREEK PKWY, STE. 1450",OVERLAND PARK KS 66210,,,,,,,,,,,,,,,,,,,,,,,,,,,,,,,,,,,,,,,,,,,,
ARCHER DANIELS MIDLAND COMPANY,3218,FOSTORIA,HANCOCK,P.O. BOX 1470,DECATUR IL 62525,,,,,,,,,,,,,,,,,,,,,,,,,,,,,,,,,,,,,,,,,,,,
"ASE FEED & SUPPLY, LLC.",8001,PLAIN CITY,UNION,211 S. JEFFERSON AVENUE,PLAIN CITY OH 43064,,,,,,,,,,,,,,,,,,,,,,,,,,,,,,,,,,,,,,,,,,,,
"BAMBAUER FERTILIZER & SEED, INC.",611,NEW KNOXVILLE,AUGLAIZE,10631 KETTLERSVILLE ROAD,NEW KNOXVILLE OH 45871,,,,,,,,,,,,,,,,,,,,,,,,,,,,,,,,,,,,,,,,,,,,
"BAMBAUER FERTILIZER & SEED, INC.",7507,PEMBERTON,SHELBY,10631 KETTLERSVILLE ROAD,NEW KNOXVILLE OH 45871,,,,,,,,,,,,,,,,,,,,,,,,,,,,,,,,,,,,,,,,,,,,
"BELMONT MILLS, INC.",702,BELMONT,BELMONT,400 S. JEFFERSON STREET,BELMONT OH 43718,,,,,,,,,,,,,,,,,,,,,,,,,,,,,,,,,,,,,,,,,,,,
"BEVERLY FEED & EQUIPMENT, INC.",8401,BEVERLY,WASHINGTON,19705 STATE ROUTE 60,BEVERLY OH 45715,,,,,,,,,,,,,,,,,,,,,,,,,,,,,,,,,,,,,,,,,,,,
"BIG K MILLS, INC.",5417,SHARPSBURG,MERCER,2485 SHARPSBURG ROAD,FORT RECOVERY OH 45846,,,,,,,,,,,,,,,,,,,,,,,,,,,,,,,,,,,,,,,,,,,,
"BLUE RIBBON FEED MILL, LTD.",5407,CARTHAGENA,MERCER,6221 STATE ROUTE 274,CELINA OH 45822,,,,,,,,,,,,,,,,,,,,,,,,,,,,,,,,,,,,,,,,,,,,
"BLUEGRASS FARMS OF OHIO, INC.",2903,JEFFERSONVILLE,GREENE,"P.O. BOX 57, 9768 MILL-JEFF RD.",JEFFERSONVILLE OH 43128,,,,,,,,,,,,,,,,,,,,,,,,,,,,,,,,,,,,,,,,,,,,
"BLUEGRASS FARMS OF OHIO, INC.",2906,FOX FARM,GREENE,"P.O. BOX 57, 9768 MILL-JEFF RD.",JEFFERSONVILLE OH 43128,,,,,,,,,,,,,,,,,,,,,,,,,,,,,,,,,,,,,,,,,,,,
"BRENNCO, INC.",205,ELIDA,ALLEN,5230 N. GRUBB ROAD,ELIDA OH 45807,,,,,,,,,,,,,,,,,,,,,,,,,,,,,,,,,,,,,,,,,,,,
"BRUBAKER GRAIN, INC.",907,HAMILTON,BUTLER,2918 QUAKER TRACE ROAD,WEST ALEXANDRIA OH 45381,,,,,,,,,,,,,,,,,,,,,,,,,,,,,,,,,,,,,,,,,,,,
"BRUBAKER GRAIN, INC.",5702,BROOKVILLE,MONTGOMERY,2918 QUAKER TRACE ROAD,WEST ALEXANDRIA OH 45381,,,,,,,,,,,,,,,,,,,,,,,,,,,,,,,,,,,,,,,,,,,,
"BRUBAKER GRAIN, INC.",5711,FARMERSVILLE,MONTGOMERY,2918 QUAKER TRACE ROAD,WEST ALEXANDRIA OH 45381,,,,,,,,,,,,,,,,,,,,,,,,,,,,,,,,,,,,,,,,,,,,
"BRUBAKER GRAIN, INC.",6803,W. ALEXANDRIA,PREBLE,2918 QUAKER TRACE ROAD,WEST ALEXANDRIA OH 45381,,,,,,,,,,,,,,,,,,,,,,,,,,,,,,,,,,,,,,,,,,,,
BUCKEYE FEED & GRAIN,1905,VERSAILLES,DARKE,"P.O. BOX 19, 895 E. MAIN ST.",VERSAILLES OH 45380,,,,,,,,,,,,,,,,,,,,,,,,,,,,,,,,,,,,,,,,,,,,
"BUCKLEY BROS., INC.",1409,WILMINGTON,CLINTON,"P.O. BOX 845, 320 EAST MAIN ST.",WILMINGTON OH 45177,,,,,,,,,,,,,,,,,,,,,,,,,,,,,,,,,,,,,,,,,,,,
"BUNGE NORTH AMERICA (EAST), LLC",3905,BELLEVUE,HURON,1391 TIMBERLAKE MANOR PARKWAY,CHESTERFIELD MO 63017,,,,,,,,,,,,,,,,,,,,,,,,,,,,,,,,,,,,,,,,,,,,
"BUNGE NORTH AMERICA (EAST), LLC",8108,DELPHOS,VAN WERT,1391 TIMBERLAKE MANOR PARKWAY,CHESTERFIELD MO 63017,,,,,,,,,,,,,,,,,,,,,,,,,,,,,,,,,,,,,,,,,,,,
"CAL-MAINE FOODS, INC.",1916,UNION CITY,DARKE,"1052 HIGHLAND COLONY PKWY, #200",RIDGELAND MS 39157,,,,,,,,,,,,,,,,,,,,,,,,,,,,,,,,,,,,,,,,,,,,
"CARGILL, INCORPORATED",213,LIMA,ALLEN,P. O. BOX 5606,MINNEAPOLIS MN 55440-5606,,,,,,,,,,,,,,,,,,,,,,,,,,,,,,,,,,,,,,,,,,,,
"CARGILL, INCORPORATED",215,LIMA-Here & There,ALLEN,P. O. BOX 5606,MINNEAPOLIS MN 55440-5606,,,,,,,,,,,,,,,,,,,,,,,,,,,,,,,,,,,,,,,,,,,,
"CARGILL, INCORPORATED",2405,BLOOMINGBURG,FAYETTE,P. O. BOX 5606,MINNEAPOLIS MN 55440,,,,,,,,,,,,,,,,,,,,,,,,,,,,,,,,,,,,,,,,,,,,
"CARGILL, INCORPORATED",3110,CIN-KELLOGG,HAMILTON,P. O. BOX 5606,MINNEAPOLIS MN 55440-5606,,,,,,,,,,,,,,,,,,,,,,,,,,,,,,,,,,,,,,,,,,,,
"CARGILL, INCORPORATED",3113,CIN-RIVER,HAMILTON,P. O. BOX 5606,MINNEAPOLIS MN 55440-5606,,,,,,,,,,,,,,,,,,,,,,,,,,,,,,,,,,,,,,,,,,,,
"CARGILL, INCORPORATED",5705,DAYTON,MONTGOMERY,P. O. BOX 5606,MINNEAPOLIS MN 55440-5606,,,,,,,,,,,,,,,,,,,,,,,,,,,,,,,,,,,,,,,,,,,,
"CARGILL, INCORPORATED",6502,CIRCLEVILLE,PICKAWAY,P. O. BOX 5606,MINNEAPOLIS MN 55440-5606,,,,,,,,,,,,,,,,,,,,,,,,,,,,,,,,,,,,,,,,,,,,
"CARGILL, INCORPORATED",7106,CHILLICOTHE,ROSS,P. O. BOX 5606,MINNEAPOLIS MN 55440-5606,,,,,,,,,,,,,,,,,,,,,,,,,,,,,,,,,,,,,,,,,,,,
"CARGILL, INCORPORATED",7508,SIDNEY,SHELBY,P. O. BOX 5606,MINNEAPOLIS MN 55440-5606,,,,,,,,,,,,,,,,,,,,,,,,,,,,,,,,,,,,,,,,,,,,
"CARGILL, INCORPORATED",7515,SIDNEY NORTH,SHELBY,P. O. BOX 5606,MINNEAPOLIS MN 55440-5606,,,,,,,,,,,,,,,,,,,,,,,,,,,,,,,,,,,,,,,,,,,,
"CASE FARMS, LLC",7602,MASSILLON,STARK,P.O. BOX 185,WINESBURG OH 44690,,,,,,,,,,,,,,,,,,,,,,,,,,,,,,,,,,,,,,,,,,,,
CENTERRA CO-OP,303,SULLIVAN,ASHLAND,204 STATE ROUTE 58,SULLIVAN OH 44880,,,,,,,,,,,,,,,,,,,,,,,,,,,,,,,,,,,,,,,,,,,,
CENTERRA CO-OP,401,JEFFERSON,ASHTABULA,135 EAST WALNUT STREET,JEFFERSON OH 44047,,,,,,,,,,,,,,,,,,,,,,,,,,,,,,,,,,,,,,,,,,,,
CENTERRA CO-OP,403,ANDOVER,ASHTABULA,225 EAST MAIN STREET,ANDOVER OH 44033,,,,,,,,,,,,,,,,,,,,,,,,,,,,,,,,,,,,,,,,,,,,
CENTERRA CO-OP,3801,LOUDONVILLE,HOLMES,15670 STATE ROUTE 3,LOUDONVILLE OH 44842,,,,,,,,,,,,,,,,,,,,,,,,,,,,,,,,,,,,,,,,,,,,
CENTERRA CO-OP,4716,GRAFTON,LORAIN,951 MECHANIC STREET,GRAFTON OH 44044,,,,,,,,,,,,,,,,,,,,,,,,,,,,,,,,,,,,,,,,,,,,
CENTERRA CO-OP,5202,SEVILLE,MEDINA,16 WEST MARKET STREET,SEVILLE OH 44273,,,,,,,,,,,,,,,,,,,,,,,,,,,,,,,,,,,,,,,,,,,,
CENTERRA CO-OP,7002,MANSFIELD,RICHLAND,813 CLARK AVE.,ASHLAND OH 44805,,,,,,,,,,,,,,,,,,,,,,,,,,,,,,,,,,,,,,,,,,,,
CENTERRA CO-OP,8505,SMITHVILLE,WAYNE,686 EAST MAIN STREET,SMITHVILLE OH 44677,,,,,,,,,,,,,,,,,,,,,,,,,,,,,,,,,,,,,,,,,,,,
CENTERRA CO-OP,8509,STERLING,WAYNE,6800 CHESTNUT STREET,STERLING OH 44276,,,,,,,,,,,,,,,,,,,,,,,,,,,,,,,,,,,,,,,,,,,,
"CENTRAL OHIO FARMERS CO-OP., INC.",1707,MONNETT,CRAWFORD,"P.O. BOX 936, 751 E. FARMING ST.",MARION OH 43302,,,,,,,,,,,,,,,,,,,,,,,,,,,,,,,,,,,,,,,,,,,,
"CENTRAL OHIO FARMERS CO-OP., INC.",4203,MT. VERNON,KNOX,"P.O. BOX 936, 751 E. FARMING ST.",MARION OH 43302,,,,,,,,,,,,,,,,,,,,,,,,,,,,,,,,,,,,,,,,,,,,
"CENTRAL OHIO FARMERS CO-OP., INC.",4206,MT. VERNON-KINNEY ROAD,KNOX,"P.O. BOX 936, 751 E. FARMING ST.",MARION OH 43302,,,,,,,,,,,,,,,,,,,,,,,,,,,,,,,,,,,,,,,,,,,,
"CENTRAL OHIO FARMERS CO-OP., INC.",4210,FREDERICKTOWN,KNOX,"P.O. BOX 936, 751 E. FARMING ST.",MARION OH 43302,,,,,,,,,,,,,,,,,,,,,,,,,,,,,,,,,,,,,,,,,,,,
"CENTRAL OHIO FARMERS CO-OP., INC.",5101,MARION,MARION,"P.O. BOX 936, 751 E. FARMING ST.",MARION OH 43302,,,,,,,,,,,,,,,,,,,,,,,,,,,,,,,,,,,,,,,,,,,,
"CENTRAL OHIO FARMERS CO-OP., INC.",5103,NEW BLOOMINGTON,MARION,"P.O. BOX 936, 751 E. FARMING ST.",MARION OH 43302,,,,,,,,,,,,,,,,,,,,,,,,,,,,,,,,,,,,,,,,,,,,
"CENTRAL OHIO FARMERS CO-OP., INC.",5104,WALDO,MARION,"P.O. BOX 936, 751 E. FARMING ST.",MARION OH 43302,,,,,,,,,,,,,,,,,,,,,,,,,,,,,,,,,,,,,,,,,,,,
"CENTRAL OHIO FARMERS CO-OP., INC.",5108,PROSPECT,MARION,"P.O. BOX 936, 751 E. FARMING ST.",MARION OH 43302,,,,,,,,,,,,,,,,,,,,,,,,,,,,,,,,,,,,,,,,,,,,
"CENTRAL OHIO FARMERS CO-OP., INC.",5901,MT. GILEAD,MORROW,"P.O. BOX 936, 751 E. FARMING ST.",MARION OH 43302,,,,,,,,,,,,,,,,,,,,,,,,,,,,,,,,,,,,,,,,,,,,
"CHAMPAIGN PREMIUM GRAIN GROWERS, LTD.",8003,MILFORD CENTER,UNION,24320 WOODSTOCK ROAD,MILFORD CENTER OH 43045,,,,,,,,,,,,,,,,,,,,,,,,,,,,,,,,,,,,,,,,,,,,
CHERRY FORK FEED & SUPPLIES LLC,103,CHERRY FORK,ADAMS,"P.O. BOX 5, 5715 DECATUR PIKE",CHERRY FORK OH 45618,,,,,,,,,,,,,,,,,,,,,,,,,,,,,,,,,,,,,,,,,,,,
CHERRY FORK FEED & SUPPLIES LLC,1302,WILLIAMSBURG,CLERMONT,"P.O. BOX 5, 5715 DECATUR PIKE",CHERRY FORK OH 45618,,,,,,,,,,,,,,,,,,,,,,,,,,,,,,,,,,,,,,,,,,,,
"COMMODITY BLENDERS GRAIN, LLC",8518,WEST SALEM,WAYNE,10510 MYERS ROAD,WEST SALEM OH 44287,,,,,,,,,,,,,,,,,,,,,,,,,,,,,,,,,,,,,,,,,,,,
CONSOLIDATED GRAIN & BARGE CO.,3103,ANDERSON FERRY,HAMILTON,"1127 HIGHWAY 190, EAST SERVICE RD.",COVINGTON LA 70433,,,,,,,,,,,,,,,,,,,,,,,,,,,,,,,,,,,,,,,,,,,,
CONSOLIDATED GRAIN & BARGE CO.,3109,NORTH BEND,HAMILTON,"1127 HIGHWAY 190, EAST SERVICE RD.",COVINGTON LA 70433,,,,,,,,,,,,,,,,,,,,,,,,,,,,,,,,,,,,,,,,,,,,
CONSOLIDATED GRAIN & BARGE CO.,3112,RIVERSIDE,HAMILTON,"1127 HIGHWAY 190, EAST SERVICE RD.",COVINGTON LA 70433,,,,,,,,,,,,,,,,,,,,,,,,,,,,,,,,,,,,,,,,,,,,
"COOPER FARMS, INC.",1906,UNION CITY,DARKE,"P.O. BOX 339, 2321 S.R. 49",FT. RECOVERY OH 45846,,,,,,,,,,,,,,,,,,,,,,,,,,,,,,,,,,,,,,,,,,,,
"COOPER FARMS, INC.",5401,FT. RECOVERY-NORTH,MERCER,"P.O. BOX 339, 2321 S.R. 49",FT. RECOVERY OH 45846,,,,,,,,,,,,,,,,,,,,,,,,,,,,,,,,,,,,,,,,,,,,
"COOPER FARMS, INC.",5416,FT. RECOVERY-SOUTH,MERCER,"P.O. BOX 339, 2321 S.R. 49",FT. RECOVERY OH 45846,,,,,,,,,,,,,,,,,,,,,,,,,,,,,,,,,,,,,,,,,,,,
"COOPER FARMS, INC.",6316,PAULDING,PAULDING,"P.O. BOX 547, 22348 ROAD 140",OAKWOOD OH 45873,,,,,,,,,,,,,,,,,,,,,,,,,,,,,,,,,,,,,,,,,,,,
COSHOCTON GRAIN COMPANY,1610,COSHOCTON,COSHOCTON,813 CLARK AVENUE,ASHLAND OH 44805,,,,,,,,,,,,,,,,,,,,,,,,,,,,,,,,,,,,,,,,,,,,
COSHOCTON GRAIN COMPANY,4502,HEBRON,LICKING,813 CLARK AVENUE,ASHLAND OH 44805,,,,,,,,,,,,,,,,,,,,,,,,,,,,,,,,,,,,,,,,,,,,
"COUNTYLINE CO-OP, INC.",7202,GIBSONBURG,SANDUSKY,"P.O. BOX C, 425 E. FRONT ST.",PEMBERVILLE OH 43450,,,,,,,,,,,,,,,,,,,,,,,,,,,,,,,,,,,,,,,,,,,,
"COUNTYLINE CO-OP, INC.",7406,KANSAS,SENECA,"P.O. BOX C, 425 E. FRONT ST.",PEMBERVILLE OH 43450,,,,,,,,,,,,,,,,,,,,,,,,,,,,,,,,,,,,,,,,,,,,
"COUNTYLINE CO-OP, INC.",8712,PEMBERVILLE,WOOD,"P.O. BOX C, 425 E. FRONT ST.",PEMBERVILLE OH 43450,,,,,,,,,,,,,,,,,,,,,,,,,,,,,,,,,,,,,,,,,,,,
"COUNTYLINE CO-OP, INC.",8715,RISING SUN,WOOD,"P.O. BOX C, 425 E. FRONT ST.",PEMBERVILLE OH 43450,,,,,,,,,,,,,,,,,,,,,,,,,,,,,,,,,,,,,,,,,,,,
"COUNTYLINE CO-OP, INC.",8719,WAYNE,WOOD,"P.O. BOX C, 425 E. FRONT ST.",PEMBERVILLE OH 43450,,,,,,,,,,,,,,,,,,,,,,,,,,,,,,,,,,,,,,,,,,,,
"DANVILLE FEED & SUPPLY, INC.",4205,DANVILLE,KNOX,"P.O. BOX 10, 608 S. MARKET ST.",DANVILLE OH 43014,,,,,,,,,,,,,,,,,,,,,,,,,,,,,,,,,,,,,,,,,,,,
"DANVILLE FEED & SUPPLY, INC.",4207,HAWK FARM,KNOX,"P.O. BOX 10, 608 S. MARKET ST.",DANVILLE OH 43014,,,,,,,,,,,,,,,,,,,,,,,,,,,,,,,,,,,,,,,,,,,,
"DEERFIELD AG SERVICES, INC.",6709,DEERFIELD,PORTAGE,9041 STATE ROUTE 224,DEERFIELD OH 44411,,,,,,,,,,,,,,,,,,,,,,,,,,,,,,,,,,,,,,,,,,,,
"DEERFIELD AG SERVICES, INC.",7609,LOUISVILLE,STARK,9041 STATE ROUTE 224,DEERFIELD OH 44411,,,,,,,,,,,,,,,,,,,,,,,,,,,,,,,,,,,,,,,,,,,,
"DEERFIELD AG SERVICES, INC.",7610,MASSILLON,STARK,9041 STATE ROUTE 224,DEERFIELD OH 44411,,,,,,,,,,,,,,,,,,,,,,,,,,,,,,,,,,,,,,,,,,,,
"DEERFIELD AG SERVICES, INC.",7807,KINSMAN,TRUMBULL,9041 STATE ROUTE 224,DEERFIELD OH 44411,,,,,,,,,,,,,,,,,,,,,,,,,,,,,,,,,,,,,,,,,,,,
"DESGRANGES BROS., INC.",3505,HOLGATE,HENRY,17698 STATE ROUTE 18,HOLGATE OH 43527,,,,,,,,,,,,,,,,,,,,,,,,,,,,,,,,,,,,,,,,,,,,
"DR SMALL, LLC",4507,UTICA,LICKING,"P.O. BOX 587, 138 CHURCH STREET",UTICA OH 43080,,,,,,,,,,,,,,,,,,,,,,,,,,,,,,,,,,,,,,,,,,,,
"EDON FARMERS CO-OP ASSN., INC.",8601,EDON,WILLIAMS,"P.O. BOX 308, 205 S. MICHIGAN",EDON OH 43518,,,,,,,,,,,,,,,,,,,,,,,,,,,,,,,,,,,,,,,,,,,,
"EDON FARMERS CO-OP ASSN., INC.",8603,MONTPELIER,WILLIAMS,"P.O. BOX 308, 205 S. MICHIGAN",EDON OH 43518,,,,,,,,,,,,,,,,,,,,,,,,,,,,,,,,,,,,,,,,,,,,
"EDON FARMERS CO-OP ASSN., INC.",8604,EDGERTON,WILLIAMS,"P.O. BOX 308, 205 S. MICHIGAN",EDON OH 43518,,,,,,,,,,,,,,,,,,,,,,,,,,,,,,,,,,,,,,,,,,,,
"FARM SUPPLY CENTER, INC.",6003,ZANESVILLE,MUSKINGUM,411 LINDEN AVENUE,ZANESVILLE OH 43701,,,,,,,,,,,,,,,,,,,,,,,,,,,,,,,,,,,,,,,,,,,,
FARMERS ELEVATOR GRAIN & SUPPLY ASSN.,3510,PLEASANT BEND,HENRY,16917 COUNTY ROAD B,NEW BAVARIA OH 43548,,,,,,,,,,,,,,,,,,,,,,,,,,,,,,,,,,,,,,,,,,,,
FARMERS ELEVATOR GRAIN & SUPPLY ASSN.,3514,STANDLEY,HENRY,16917 COUNTY ROAD B,NEW BAVARIA OH 43548,,,,,,,,,,,,,,,,,,,,,,,,,,,,,,,,,,,,,,,,,,,,
FARMERS ELEVATOR GRAIN & SUPPLY ASSN.,6907,NORTH CREEK,PUTNAM,16917 COUNTY ROAD B,NEW BAVARIA OH 43548,,,,,,,,,,,,,,,,,,,,,,,,,,,,,,,,,,,,,,,,,,,,
"FARMERS GRAIN & AG, LLC",8109,WILLSHIRE,VAN WERT,1257 U. S. ROUTE 33,WILLSHIRE OH 45898,,,,,,,,,,,,,,,,,,,,,,,,,,,,,,,,,,,,,,,,,,,,
FREY COMMODITIES USA INC.,6512,CIRCLEVILLE,PICKAWAY,"1900 MARKET ST., FLOOR 8",PHILADELPHIA PA 19103,,,,,,,,,,,,,,,,,,,,,,,,,,,,,,,,,,,,,,,,,,,,
"FRITZ FARMS, INC.",3501,HOLGATE,HENRY,G410 COUNTY ROAD 18,HOLGATE OH 43527,,,,,,,,,,,,,,,,,,,,,,,,,,,,,,,,,,,,,,,,,,,,
"GERALD GRAIN CENTER, INC.",2607,WAUSEON,FULTON,"P.O. BOX 175, 220 N. DEFIANCE ST.",ARCHBOLD OH 43502,,,,,,,,,,,,,,,,,,,,,,,,,,,,,,,,,,,,,,,,,,,,
"GERALD GRAIN CENTER, INC.",2612,WAUSEON-AGRONOMY,FULTON,"P.O. BOX 175, 220 N. DEFIANCE ST.",ARCHBOLD OH 43502,,,,,,,,,,,,,,,,,,,,,,,,,,,,,,,,,,,,,,,,,,,,
"GERALD GRAIN CENTER, INC.",2618,ARCHBOLD,FULTON,"P.O. BOX 175, 220 N. DEFIANCE ST.",ARCHBOLD OH 43502,,,,,,,,,,,,,,,,,,,,,,,,,,,,,,,,,,,,,,,,,,,,
"GERALD GRAIN CENTER, INC.",2619,DELTA,FULTON,"P.O. BOX 175, 220 N. DEFIANCE ST.",ARCHBOLD OH 43502,,,,,,,,,,,,,,,,,,,,,,,,,,,,,,,,,,,,,,,,,,,,
"GERALD GRAIN CENTER, INC.",3504,NORTH HAMLER,HENRY,"P.O. BOX 175, 220 N. DEFIANCE ST.",ARCHBOLD OH 43502,,,,,,,,,,,,,,,,,,,,,,,,,,,,,,,,,,,,,,,,,,,,
"GERALD GRAIN CENTER, INC.",3507,LIBERTY CTR.,HENRY,"P.O. BOX 175, 220 N. DEFIANCE ST.",ARCHBOLD OH 43502,,,,,,,,,,,,,,,,,,,,,,,,,,,,,,,,,,,,,,,,,,,,
"GERALD GRAIN CENTER, INC.",3511,GERALD,HENRY,"P.O. BOX 175, 220 N. DEFIANCE ST.",ARCHBOLD OH 43502,,,,,,,,,,,,,,,,,,,,,,,,,,,,,,,,,,,,,,,,,,,,
"GERALD GRAIN CENTER, INC.",3522,HAMLER,HENRY,"P.O. BOX 175, 220 N. DEFIANCE ST.",ARCHBOLD OH 43502,,,,,,,,,,,,,,,,,,,,,,,,,,,,,,,,,,,,,,,,,,,,
"GERALD GRAIN CENTER, INC.",6904,GLANDORF,PUTNAM,"P.O. BOX 175, 220 N. DEFIANCE ST.",ARCHBOLD OH 43502,,,,,,,,,,,,,,,,,,,,,,,,,,,,,,,,,,,,,,,,,,,,
"GERALD GRAIN CENTER, INC.",6917,OTTAWA,PUTNAM,"P.O. BOX 175, 220 N. DEFIANCE ST.",ARCHBOLD OH 43502,,,,,,,,,,,,,,,,,,,,,,,,,,,,,,,,,,,,,,,,,,,,
"GERBER FEED SERVICE, INC.",8506,DALTON,WAYNE,"P.O. BOX 509, 3094 MOSER RD.",DALTON OH 44618,,,,,,,,,,,,,,,,,,,,,,,,,,,,,,,,,,,,,,,,,,,,
"GILBOA ELEVATOR, INC.",6905,GILBOA,PUTNAM,219 PEARL STREET,GILBOA OH 45875,,,,,,,,,,,,,,,,,,,,,,,,,,,,,,,,,,,,,,,,,,,,
GRANITE RIDGE FEEDS LLC,8526,APPLE CREEK,WAYNE,2532 SOUTH APPLE CREEK ROAD,APPLE CREEK OH 44606,,,,,,,,,,,,,,,,,,,,,,,,,,,,,,,,,,,,,,,,,,,,
GRANVILLE MILLING CO.,4504,GRANVILLE,LICKING,"P.O. BOX 393, 400 S. MAIN ST.",GRANVILLE OH 43023,,,,,,,,,,,,,,,,,,,,,,,,,,,,,,,,,,,,,,,,,,,,
"GRELTON ELEVATOR, INC.",3513,NAPOLEON,HENRY,6944 COUNTY ROAD M,GRELTON OH 43523,,,,,,,,,,,,,,,,,,,,,,,,,,,,,,,,,,,,,,,,,,,,
"GRELTON ELEVATOR, INC.",3520,GRELTON,HENRY,6944 COUNTY ROAD M,GRELTON OH 43523,,,,,,,,,,,,,,,,,,,,,,,,,,,,,,,,,,,,,,,,,,,,
"GSI CORPORATE HOLDING COMPANY, LLC",1514,NEW WATERFORD,COLUMBIANA,"P.O. BOX 248, 100 S. RAY ST.",BALTIC OH 43804,,,,,,,,,,,,,,,,,,,,,,,,,,,,,,,,,,,,,,,,,,,,
"GSI CORPORATE HOLDING COMPANY, LLC",1515,LEETONIA,COLUMBIANA,"P.O. BOX 248, 100 S. RAY ST.",BALTIC OH 43804,,,,,,,,,,,,,,,,,,,,,,,,,,,,,,,,,,,,,,,,,,,,
"GSI CORPORATE HOLDING COMPANY, LLC",3811,BRICKYARD,HOLMES,"P.O. BOX 248, 100 S. RAY ST.",BALTIC OH 43804,,,,,,,,,,,,,,,,,,,,,,,,,,,,,,,,,,,,,,,,,,,,
"GSI CORPORATE HOLDING COMPANY, LLC",7902,BALTIC,TUSCARAWAS,"P.O. BOX 248, 100 S. RAY ST.",BALTIC OH 43804,,,,,,,,,,,,,,,,,,,,,,,,,,,,,,,,,,,,,,,,,,,,
"GSI CORPORATE HOLDING COMPANY, LLC",7906,RODENE FARM,TUSCARAWAS,"P.O. BOX 248, 100 S. RAY ST.",BALTIC OH 43804,,,,,,,,,,,,,,,,,,,,,,,,,,,,,,,,,,,,,,,,,,,,
"GSI CORPORATE HOLDING COMPANY, LLC",7907,ECHO VALLEY,TUSCARAWAS,"P.O. BOX 248, 100 S. RAY ST.",BALTIC OH 43804,,,,,,,,,,,,,,,,,,,,,,,,,,,,,,,,,,,,,,,,,,,,
"GSI CORPORATE HOLDING COMPANY, LLC",8525,DOTTERER FARM,WAYNE,"P.O. BOX 248, 100 S. RAY ST.",BALTIC OH 43804,,,,,,,,,,,,,,,,,,,,,,,,,,,,,,,,,,,,,,,,,,,,
"GUARDIAN LIMA, LLC",219,LIMA,ALLEN,2485 HOUX PARKWAY,LIMA OH 45804,,,,,,,,,,,,,,,,,,,,,,,,,,,,,,,,,,,,,,,,,,,,
"HARVEST GRAIN COMPANY, LLC",222,HARROD,ALLEN,"P.O. BOX 101, 2648 N. NAPOLEON RD.",HARROD OH 45850,,,,,,,,,,,,,,,,,,,,,,,,,,,,,,,,,,,,,,,,,,,,
"HEARTLAND FEED SERVICES, LLC",604,MINSTER,AUGLAIZE,"P.O. BOX 328, 426 W. MARKET ST.",CELINA OH 45822,,,,,,,,,,,,,,,,,,,,,,,,,,,,,,,,,,,,,,,,,,,,
"HEARTLAND FEED SERVICES, LLC",5402,CELINA,MERCER,"P.O. BOX 328, 426 W. MARKET ST.",CELINA OH 45822,,,,,,,,,,,,,,,,,,,,,,,,,,,,,,,,,,,,,,,,,,,,
"HEARTLAND FEED SERVICES, LLC",5404,ST. ANTHONY,MERCER,"P.O. BOX 328, 426 W. MARKET ST.",CELINA OH 45822,,,,,,,,,,,,,,,,,,,,,,,,,,,,,,,,,,,,,,,,,,,,
"HEARTLAND FEED SERVICES, LLC",5406,ST. HENRY,MERCER,"P.O. BOX 328, 426 W. MARKET ST.",CELINA OH 45822,,,,,,,,,,,,,,,,,,,,,,,,,,,,,,,,,,,,,,,,,,,,
HEARTLAND FEEDS,4609,WEST MANSFIELD,LOGAN,9800 COUNTY ROAD 26,WEST MANSFIELD OH 43358,,,,,,,,,,,,,,,,,,,,,,,,,,,,,,,,,,,,,,,,,,,,
HEIMERL FARMS GRAIN LTD,4508,JOHNSTOWN,LICKING,3891 MINK ROAD,JOHNSTOWN OH 43031,,,,,,,,,,,,,,,,,,,,,,,,,,,,,,,,,,,,,,,,,,,,
HEIMERL FARMS GRAIN LTD,4509,HAMILTON FARM,LICKING,3891 MINK ROAD,JOHNSTOWN OH 43031,,,,,,,,,,,,,,,,,,,,,,,,,,,,,,,,,,,,,,,,,,,,
"HEMKER GRAIN, INC.",203,ELIDA,ALLEN,15970 JONESTOWN RD.,VENEDOCIA OH 45894,,,,,,,,,,,,,,,,,,,,,,,,,,,,,,,,,,,,,,,,,,,,
"HEMKER GRAIN, INC.",8106,VENEDOCIA,VAN WERT,15970 JONESTOWN RD.,VENEDOCIA OH 45894,,,,,,,,,,,,,,,,,,,,,,,,,,,,,,,,,,,,,,,,,,,,
"HERITAGE COOPERATIVE, INC.",202,CAIRO,ALLEN,"59 GREIF PARKWAY, SUITE 200",DELAWARE OH 43015,,,,,,,,,,,,,,,,,,,,,,,,,,,,,,,,,,,,,,,,,,,,
"HERITAGE COOPERATIVE, INC.",1102,MECHANICSBURG,CHAMPAIGN,"59 GREIF PARKWAY, SUITE 200",DELAWARE OH 43015,,,,,,,,,,,,,,,,,,,,,,,,,,,,,,,,,,,,,,,,,,,,
"HERITAGE COOPERATIVE, INC.",1110,URBANA,CHAMPAIGN,"59 GREIF PARKWAY, SUITE 200",DELAWARE OH 43015,,,,,,,,,,,,,,,,,,,,,,,,,,,,,,,,,,,,,,,,,,,,
"HERITAGE COOPERATIVE, INC.",1111,THACKERY,CHAMPAIGN,"59 GREIF PARKWAY, SUITE 200",DELAWARE OH 43015,,,,,,,,,,,,,,,,,,,,,,,,,,,,,,,,,,,,,,,,,,,,
"HERITAGE COOPERATIVE, INC.",1509,EAST LIVERPOOL,COLUMBIANA,"59 GREIF PARKWAY, SUITE 200",DELAWARE OH 43015,,,,,,,,,,,,,,,,,,,,,,,,,,,,,,,,,,,,,,,,,,,,
"HERITAGE COOPERATIVE, INC.",1510,LISBON,COLUMBIANA,"59 GREIF PARKWAY, SUITE 200",DELAWARE OH 43015,,,,,,,,,,,,,,,,,,,,,,,,,,,,,,,,,,,,,,,,,,,,
"HERITAGE COOPERATIVE, INC.",3204,VANLUE,HANCOCK,"59 GREIF PARKWAY, SUITE 200",DELAWARE OH 43015,,,,,,,,,,,,,,,,,,,,,,,,,,,,,,,,,,,,,,,,,,,,
"HERITAGE COOPERATIVE, INC.",3208,ARLINGTON,HANCOCK,"59 GREIF PARKWAY, SUITE 200",DELAWARE OH 43015,,,,,,,,,,,,,,,,,,,,,,,,,,,,,,,,,,,,,,,,,,,,
"HERITAGE COOPERATIVE, INC.",3306,ADA,HARDIN,"59 GREIF PARKWAY, SUITE 200",DELAWARE OH 43015,,,,,,,,,,,,,,,,,,,,,,,,,,,,,,,,,,,,,,,,,,,,
"HERITAGE COOPERATIVE, INC.",3310,KENTON,HARDIN,"59 GREIF PARKWAY, SUITE 200",DELAWARE OH 43015,,,,,,,,,,,,,,,,,,,,,,,,,,,,,,,,,,,,,,,,,,,,
"HERITAGE COOPERATIVE, INC.",3314,ALGER,HARDIN,"59 GREIF PARKWAY, SUITE 200",DELAWARE OH 43015,,,,,,,,,,,,,,,,,,,,,,,,,,,,,,,,,,,,,,,,,,,,
"HERITAGE COOPERATIVE, INC.",4601,WEST LIBERTY,LOGAN,"59 GREIF PARKWAY, SUITE 200",DELAWARE OH 43015,,,,,,,,,,,,,,,,,,,,,,,,,,,,,,,,,,,,,,,,,,,,
"HERITAGE COOPERATIVE, INC.",4606,DE GRAFF,LOGAN,"59 GREIF PARKWAY, SUITE 200",DELAWARE OH 43015,,,,,,,,,,,,,,,,,,,,,,,,,,,,,,,,,,,,,,,,,,,,
"HERITAGE COOPERATIVE, INC.",5001,CANFIELD,MAHONING,"59 GREIF PARKWAY, SUITE 200",DELAWARE OH 43015,,,,,,,,,,,,,,,,,,,,,,,,,,,,,,,,,,,,,,,,,,,,
"HERITAGE COOPERATIVE, INC.",5003,COLUMBIANA,MAHONING,"59 GREIF PARKWAY, SUITE 200",DELAWARE OH 43015,,,,,,,,,,,,,,,,,,,,,,,,,,,,,,,,,,,,,,,,,,,,
"HERITAGE COOPERATIVE, INC.",5004,GARFIELD,MAHONING,"59 GREIF PARKWAY, SUITE 200",DELAWARE OH 43015,,,,,,,,,,,,,,,,,,,,,,,,,,,,,,,,,,,,,,,,,,,,
"HERITAGE COOPERATIVE, INC.",5502,FLETCHER,MIAMI,"59 GREIF PARKWAY, SUITE 200",DELAWARE OH 43015,,,,,,,,,,,,,,,,,,,,,,,,,,,,,,,,,,,,,,,,,,,,
"HERITAGE COOPERATIVE, INC.",6001,NASHPORT,MUSKINGUM,"59 GREIF PARKWAY, SUITE 200",DELAWARE OH 43015,,,,,,,,,,,,,,,,,,,,,,,,,,,,,,,,,,,,,,,,,,,,
"HERITAGE COOPERATIVE, INC.",7402,MCCUTCHENVILL,SENECA,"59 GREIF PARKWAY, SUITE 200",DELAWARE OH 43015,,,,,,,,,,,,,,,,,,,,,,,,,,,,,,,,,,,,,,,,,,,,
"HERITAGE COOPERATIVE, INC.",7905,NEW PHILADELPHIA,TUSCARAWAS,"59 GREIF PARKWAY, SUITE 200",DELAWARE OH 43015,,,,,,,,,,,,,,,,,,,,,,,,,,,,,,,,,,,,,,,,,,,,
"HERITAGE COOPERATIVE, INC.",8007,RICHWOOD,UNION,"59 GREIF PARKWAY, SUITE 200",DELAWARE OH 43015,,,,,,,,,,,,,,,,,,,,,,,,,,,,,,,,,,,,,,,,,,,,
"HERITAGE COOPERATIVE, INC.",8012,MARYSVILLE AG CAMPUS,UNION,"59 GREIF PARKWAY, SUITE 200",DELAWARE OH 43015,,,,,,,,,,,,,,,,,,,,,,,,,,,,,,,,,,,,,,,,,,,,
"HERITAGE COOPERATIVE, INC.",8803,UPPER SANDUSKY,WYANDOT,"59 GREIF PARKWAY, SUITE 200",DELAWARE OH 43015,,,,,,,,,,,,,,,,,,,,,,,,,,,,,,,,,,,,,,,,,,,,
HERTZFELD POULTRY FARMS INC.,4804,WHITEHOUSE,LUCAS,15799 MILTON ROAD,GRAND RAPIDS OH 43522,,,,,,,,,,,,,,,,,,,,,,,,,,,,,,,,,,,,,,,,,,,,
"HILLANDALE FARMS OHIO, LLC",2009,HICKSVILLE,DEFIANCE,9715 ROSEDALE ROAD,HICKSVILLE OH 43526,,,,,,,,,,,,,,,,,,,,,,,,,,,,,,,,,,,,,,,,,,,,
HILLANDALE GETTYSBURG LLC,1929,NEW PARIS,DARKE,3910 OXFORD ROAD,GETTYSBURG PA 17325,,,,,,,,,,,,,,,,,,,,,,,,,,,,,,,,,,,,,,,,,,,,
"HOLMES AG SERVICE, INC.",3808,HOLMESVILLE,HOLMES,"P.O. BOX 67, 301 S. MARKET ST.",HOLMESVILLE OH 44633,,,,,,,,,,,,,,,,,,,,,,,,,,,,,,,,,,,,,,,,,,,,
"HORD ELEVATOR, LLC",1714,BUCYRUS,CRAWFORD,"P.O. BOX 808, 911 S.R. 98",BUCYRUS OH 44820,,,,,,,,,,,,,,,,,,,,,,,,,,,,,,,,,,,,,,,,,,,,
"HORD ELEVATOR, LLC",5903,EDISON FARM,MORROW,6769 TOWNSHIP ROAD 66,EDISON OH 43320,,,,,,,,,,,,,,,,,,,,,,,,,,,,,,,,,,,,,,,,,,,,
"ISLERCREST FARMS, INC.",5117,PROSPECT,MARION,6416 SMELTZER ROAD,PROSPECT OH 43342,,,,,,,,,,,,,,,,,,,,,,,,,,,,,,,,,,,,,,,,,,,,
"JACKSON AG SERVICES, LLC",4002,JACKSON,JACKSON,761 TOMLIN ROAD,WEST UNION OH 45693,,,,,,,,,,,,,,,,,,,,,,,,,,,,,,,,,,,,,,,,,,,,
"JEFFERSON LANDMARK, INC.",3401,CADIZ,HARRISON,1525 STATE ROUTE 152,BLOOMINGDALE OH 43910,,,,,,,,,,,,,,,,,,,,,,,,,,,,,,,,,,,,,,,,,,,,
"JENNINGS-GOMER EQUITY, INC.",210,GOMER,ALLEN,3798 WEST LINCOLN HIGHWAY,GOMER OH 45809,,,,,,,,,,,,,,,,,,,,,,,,,,,,,,,,,,,,,,,,,,,,
"JENNINGS-GOMER EQUITY, INC.",6909,FT. JENNINGS,PUTNAM,235 WEST SECOND STREET,FT. JENNINGS OH 45844,,,,,,,,,,,,,,,,,,,,,,,,,,,,,,,,,,,,,,,,,,,,
"JENNINGS-GOMER EQUITY, INC.",6910,T & D FARMS,PUTNAM,21717 ROAD 19,FT. JENNINGS OH 45844,,,,,,,,,,,,,,,,,,,,,,,,,,,,,,,,,,,,,,,,,,,,
"JENNINGS-GOMER EQUITY, INC.",6911,BIRKEMEIER FARM,PUTNAM,17725 COUNTY ROAD 16-0,COLUMBUS GROVE OH 45830,,,,,,,,,,,,,,,,,,,,,,,,,,,,,,,,,,,,,,,,,,,,
"JENNINGS-GOMER EQUITY, INC.",6913,COLUMBUS GROVE,PUTNAM,101 NORTH MAIN STREET,COLUMBUS GROVE OH 45830,,,,,,,,,,,,,,,,,,,,,,,,,,,,,,,,,,,,,,,,,,,,
JEWELL GRAIN CO.,2003,HICKSVILLE,DEFIANCE,259 EAST HIGH STREET,HICKSVILLE OH 43526,,,,,,,,,,,,,,,,,,,,,,,,,,,,,,,,,,,,,,,,,,,,
JEWELL GRAIN CO.,2005,JEWELL,DEFIANCE,"PO BOX 30008, 8049 INDEPENDENCE RD.",JEWELL OH 43530,,,,,,,,,,,,,,,,,,,,,,,,,,,,,,,,,,,,,,,,,,,,
JEWELL GRAIN CO.,2007,NEY,DEFIANCE,465 WEST MAIN STREET,NEY OH 43549,,,,,,,,,,,,,,,,,,,,,,,,,,,,,,,,,,,,,,,,,,,,
JEWELL GRAIN CO.,3508,OKOLONA,HENRY,M937 ROAD 17D,OKOLONA OH 43545,,,,,,,,,,,,,,,,,,,,,,,,,,,,,,,,,,,,,,,,,,,,
"KAHLE SUPPLY & FEED MILL, INC.",6906,KALIDA,PUTNAM,"P.O. BOX 418, 120 E. MAIN ST.",KALIDA OH 45853,,,,,,,,,,,,,,,,,,,,,,,,,,,,,,,,,,,,,,,,,,,,
"KALMBACH FEEDS, INC.",8806,UPR. SANDUSKY,WYANDOT,7148 STATE HIGHWAY 199,UPPER SANDUSKY OH 43351,,,,,,,,,,,,,,,,,,,,,,,,,,,,,,,,,,,,,,,,,,,,
"KALMBACH FEEDS, INC.",8807,CAREY,WYANDOT,7148 STATE HIGHWAY 199,UPPER SANDUSKY OH 43351,,,,,,,,,,,,,,,,,,,,,,,,,,,,,,,,,,,,,,,,,,,,
"KALMBACH FEEDS, INC.",8818,UPPER - REK,WYANDOT,7148 STATE HIGHWAY 199,UPPER SANDUSKY OH 43351,,,,,,,,,,,,,,,,,,,,,,,,,,,,,,,,,,,,,,,,,,,,
"KELLER GRAIN & FEED, INC.",1901,HORATIO,DARKE,7977 MAIN ST.-HORATIO,GREENVILLE OH 45331,,,,,,,,,,,,,,,,,,,,,,,,,,,,,,,,,,,,,,,,,,,,
"KEYSTONE COOPERATIVE, INC.",902,COLLEGE CORN.,BUTLER,770 N. HIGH SCHOOL ROAD,INDIANAPOLIS IN 46214,,,,,,,,,,,,,,,,,,,,,,,,,,,,,,,,,,,,,,,,,,,,
"KEYSTONE COOPERATIVE, INC.",6801,VERONA,PREBLE,770 N. HIGH SCHOOL ROAD,INDIANAPOLIS IN 46214,,,,,,,,,,,,,,,,,,,,,,,,,,,,,,,,,,,,,,,,,,,,
"KEYSTONE COOPERATIVE, INC.",6809,ELDORADO,PREBLE,770 N. HIGH SCHOOL ROAD,INDIANAPOLIS IN 46214,,,,,,,,,,,,,,,,,,,,,,,,,,,,,,,,,,,,,,,,,,,,
KG AGRI PRODUCTS INC.,3315,MT. VICTORY,HARDIN,20100 JOHNSON ROAD,MARYSVILLE OH 43040,,,,,,,,,,,,,,,,,,,,,,,,,,,,,,,,,,,,,,,,,,,,
KG AGRI PRODUCTS INC.,8002,MARYSVILLE,UNION,20100 JOHNSON ROAD,MARYSVILLE OH 43040,,,,,,,,,,,,,,,,,,,,,,,,,,,,,,,,,,,,,,,,,,,,
"KING FEED & SUPPLY, INC.",4608,WEST LIBERTY,LOGAN,"PO BOX 157, 1001 W. RUNKLE ST.",WEST LIBERTY OH 43357,,,,,,,,,,,,,,,,,,,,,,,,,,,,,,,,,,,,,,,,,,,,
"L.E. SOMMER KIDRON, INC.",8502,KIDRON,WAYNE,"P.O. BOX 230, 4874 KIDRON RD.",KIDRON OH 44636,,,,,,,,,,,,,,,,,,,,,,,,,,,,,,,,,,,,,,,,,,,,
"L.E. SOMMER KIDRON, INC.",8503,KIDRON STATION,WAYNE,"P.O. BOX 230, 4874 KIDRON RD.",KIDRON OH 44636,,,,,,,,,,,,,,,,,,,,,,,,,,,,,,,,,,,,,,,,,,,,
LAKEVIEW GRAINS LLC,1614,COSHOCTON,COSHOCTON,18137 COUNTY ROAD 271,COSHOCTON OH 43812,,,,,,,,,,,,,,,,,,,,,,,,,,,,,,,,,,,,,,,,,,,,
LEGACY FARMERS COOPERATIVE,2008,DEFIANCE,DEFIANCE,6566 COUNTY ROAD 236,FINDLAY OH 45840,,,,,,,,,,,,,,,,,,,,,,,,,,,,,,,,,,,,,,,,,,,,
LEGACY FARMERS COOPERATIVE,3201,EAST FINDLAY,HANCOCK,6566 COUNTY ROAD 236,FINDLAY OH 45840,,,,,,,,,,,,,,,,,,,,,,,,,,,,,,,,,,,,,,,,,,,,
LEGACY FARMERS COOPERATIVE,3202,MT. BLANCHARD,HANCOCK,6566 COUNTY ROAD 236,FINDLAY OH 45840,,,,,,,,,,,,,,,,,,,,,,,,,,,,,,,,,,,,,,,,,,,,
LEGACY FARMERS COOPERATIVE,3203,MT. CORY,HANCOCK,6566 COUNTY ROAD 236,FINDLAY OH 45840,,,,,,,,,,,,,,,,,,,,,,,,,,,,,,,,,,,,,,,,,,,,
LEGACY FARMERS COOPERATIVE,3206,MCCOMB,HANCOCK,6566 COUNTY ROAD 236,FINDLAY OH 45840,,,,,,,,,,,,,,,,,,,,,,,,,,,,,,,,,,,,,,,,,,,,
LEGACY FARMERS COOPERATIVE,3207,FOSTORIA,HANCOCK,6566 COUNTY ROAD 236,FINDLAY OH 45840,,,,,,,,,,,,,,,,,,,,,,,,,,,,,,,,,,,,,,,,,,,,
LEGACY FARMERS COOPERATIVE,3212,WEST FINDLAY,HANCOCK,6566 COUNTY ROAD 236,FINDLAY OH 45840,,,,,,,,,,,,,,,,,,,,,,,,,,,,,,,,,,,,,,,,,,,,
LEGACY FARMERS COOPERATIVE,3213,SHAWTOWN,HANCOCK,6566 COUNTY ROAD 236,FINDLAY OH 45840,,,,,,,,,,,,,,,,,,,,,,,,,,,,,,,,,,,,,,,,,,,,
LEGACY FARMERS COOPERATIVE,3215,NORTH FINDLAY,HANCOCK,6566 COUNTY ROAD 236,FINDLAY OH 45840,,,,,,,,,,,,,,,,,,,,,,,,,,,,,,,,,,,,,,,,,,,,
LEGACY FARMERS COOPERATIVE,3515,DESHLER,HENRY,6566 COUNTY ROAD 236,FINDLAY OH 45840,,,,,,,,,,,,,,,,,,,,,,,,,,,,,,,,,,,,,,,,,,,,
LEGACY FARMERS COOPERATIVE,8702,CUSTAR,WOOD,6566 COUNTY ROAD 236,FINDLAY OH 45840,,,,,,,,,,,,,,,,,,,,,,,,,,,,,,,,,,,,,,,,,,,,
"LIGHTHOUSE COMMODITIES, LLC",5904,EDISON,MORROW,5008 OSLO LANE,BISMARCK ND 58503,,,,,,,,,,,,,,,,,,,,,,,,,,,,,,,,,,,,,,,,,,,,
LOUDONVILLE FARMERS EQUITY,304,LOUDONVILLE,ASHLAND,514 W. MAIN ST.,LOUDONVILLE OH 44842,,,,,,,,,,,,,,,,,,,,,,,,,,,,,,,,,,,,,,,,,,,,
"LUCKEY FARMERS, INC.",6202,CURTICE,OTTAWA,"P.O. BOX 217, 1200 W. MAIN ST.",WOODVILLE OH 43469,,,,,,,,,,,,,,,,,,,,,,,,,,,,,,,,,,,,,,,,,,,,
"LUCKEY FARMERS, INC.",6203,GRAYTOWN,OTTAWA,"P.O. BOX 217, 1200 W. MAIN ST.",WOODVILLE OH 43469,,,,,,,,,,,,,,,,,,,,,,,,,,,,,,,,,,,,,,,,,,,,
"LUCKEY FARMERS, INC.",6205,OAK HARBOR,OTTAWA,"P.O. BOX 217, 1200 W. MAIN ST.",WOODVILLE OH 43469,,,,,,,,,,,,,,,,,,,,,,,,,,,,,,,,,,,,,,,,,,,,
"LUCKEY FARMERS, INC.",7201,LINDSEY,SANDUSKY,"P.O. BOX 217, 1200 W. MAIN ST.",WOODVILLE OH 43469,,,,,,,,,,,,,,,,,,,,,,,,,,,,,,,,,,,,,,,,,,,,
"LUCKEY FARMERS, INC.",7404,BASCOM,SENECA,"P.O. BOX 217, 1200 W. MAIN ST.",WOODVILLE OH 43469,,,,,,,,,,,,,,,,,,,,,,,,,,,,,,,,,,,,,,,,,,,,
"LUCKEY FARMERS, INC.",8705,TONTOGANY,WOOD,"P.O. BOX 217, 1200 W. MAIN ST.",WOODVILLE OH 43469,,,,,,,,,,,,,,,,,,,,,,,,,,,,,,,,,,,,,,,,,,,,
"LUCKEY FARMERS, INC.",8709,BOWLING GREEN,WOOD,"P.O. BOX 217, 1200 W. MAIN ST.",WOODVILLE OH 43469,,,,,,,,,,,,,,,,,,,,,,,,,,,,,,,,,,,,,,,,,,,,
"LUCKEY FARMERS, INC.",8710,CYGNET,WOOD,"P.O. BOX 217, 1200 W. MAIN ST.",WOODVILLE OH 43469,,,,,,,,,,,,,,,,,,,,,,,,,,,,,,,,,,,,,,,,,,,,
"LUCKEY FARMERS, INC.",8711,HASKINS,WOOD,"P.O. BOX 217, 1200 W. MAIN ST.",WOODVILLE OH 43469,,,,,,,,,,,,,,,,,,,,,,,,,,,,,,,,,,,,,,,,,,,,
"LUCKEY FARMERS, INC.",8716,PERRYSBURG,WOOD,"P.O. BOX 217, 1200 W. MAIN ST.",WOODVILLE OH 43469,,,,,,,,,,,,,,,,,,,,,,,,,,,,,,,,,,,,,,,,,,,,
"LUCKEY FARMERS, INC.",8717,SUGAR RIDGE,WOOD,"P.O. BOX 217, 1200 W. MAIN ST.",WOODVILLE OH 43469,,,,,,,,,,,,,,,,,,,,,,,,,,,,,,,,,,,,,,,,,,,,
"LUCKEY FARMERS, INC.",8718,LEMOYNE,WOOD,"P.O. BOX 217, 1200 W. MAIN ST.",WOODVILLE OH 43469,,,,,,,,,,,,,,,,,,,,,,,,,,,,,,,,,,,,,,,,,,,,
"LUCKEY FARMERS, INC.",8723,N. BALTIMORE,WOOD,"P.O. BOX 217, 1200 W. MAIN ST.",WOODVILLE OH 43469,,,,,,,,,,,,,,,,,,,,,,,,,,,,,,,,,,,,,,,,,,,,
MARIA STEIN GRAIN CO.,5409,MARIA STEIN,MERCER,8010 STATE ROUTE 119,MARIA STEIN OH 45860,,,,,,,,,,,,,,,,,,,,,,,,,,,,,,,,,,,,,,,,,,,,
MARIA STEIN GRAIN CO.,5422,BROOKSIDE,MERCER,8010 STATE ROUTE 119,MARIA STEIN OH 45860,,,,,,,,,,,,,,,,,,,,,,,,,,,,,,,,,,,,,,,,,,,,
MARIA STEIN GRAIN CO.,7505,HOUSTON,SHELBY,8010 STATE ROUTE 119,MARIA STEIN OH 45860,,,,,,,,,,,,,,,,,,,,,,,,,,,,,,,,,,,,,,,,,,,,
"MARSHALL GRAIN CO., INC.",2306,AMANDA,FAIRFIELD,"P.O. BOX 308, 208 W. MAIN ST.",AMANDA OH 43102,,,,,,,,,,,,,,,,,,,,,,,,,,,,,,,,,,,,,,,,,,,,
"MAYSVILLE ELEVATOR, INC.",8523,MAYSVILLE,WAYNE,10583 HARRISON ROAD,APPLE CREEK OH 44606,,,,,,,,,,,,,,,,,,,,,,,,,,,,,,,,,,,,,,,,,,,,
"MB GRAIN, LLC dba SMITHFIELD GRAIN",5111,MORRAL,MARION,2822 HIGHWAY 24 WEST,WARSAW NC 28398,,,,,,,,,,,,,,,,,,,,,,,,,,,,,,,,,,,,,,,,,,,,
"MB GRAIN, LLC dba SMITHFIELD GRAIN",8816,HARPSTER,WYANDOT,2822 HIGHWAY 24 WEST,WARSAW NC 28398,,,,,,,,,,,,,,,,,,,,,,,,,,,,,,,,,,,,,,,,,,,,
"MCDONALD & SON, INC.",2406,WASHINGTON C.H.,FAYETTE,"P.O. BOX 1078, 5401 INSKEEP NW",WASHINGTON C.H. OH 43160,,,,,,,,,,,,,,,,,,,,,,,,,,,,,,,,,,,,,,,,,,,,
"MERCER LANDMARK, INC.",1907,NEW WESTON,DARKE,"P.O. BOX 328, 426 W. Market Street",CELINA OH 45822,,,,,,,,,,,,,,,,,,,,,,,,,,,,,,,,,,,,,,,,,,,,
"MERCER LANDMARK, INC.",2002,SHERWOOD,DEFIANCE,"P.O. BOX 328, 426 W. Market Street",CELINA OH 45822,,,,,,,,,,,,,,,,,,,,,,,,,,,,,,,,,,,,,,,,,,,,
"MERCER LANDMARK, INC.",5405,ROCKFORD,MERCER,"P.O. BOX 328, 426 W. Market Street",CELINA OH 45822,,,,,,,,,,,,,,,,,,,,,,,,,,,,,,,,,,,,,,,,,,,,
"MERCER LANDMARK, INC.",5421,COLDWATER NORTH,MERCER,"P.O. BOX 328, 426 W. Market Street",CELINA OH 45822,,,,,,,,,,,,,,,,,,,,,,,,,,,,,,,,,,,,,,,,,,,,
"MERCER LANDMARK, INC.",6301,PAYNE,PAULDING,"P.O. BOX 328, 426 W. Market Street",CELINA OH 45822,,,,,,,,,,,,,,,,,,,,,,,,,,,,,,,,,,,,,,,,,,,,
"MERCER LANDMARK, INC.",6302,LATTY,PAULDING,"P.O. BOX 328, 426 W. MARKET STREET",CELINA OH 45822,,,,,,,,,,,,,,,,,,,,,,,,,,,,,,,,,,,,,,,,,,,,
"MERCER LANDMARK, INC.",6303,GROVER HILL,PAULDING,"P.O. BOX 328, 426 W. Market Street",CELINA OH 45822,,,,,,,,,,,,,,,,,,,,,,,,,,,,,,,,,,,,,,,,,,,,
"MERCER LANDMARK, INC.",6304,ANTWERP,PAULDING,"P.O. BOX 328, 426 W. Market Street",CELINA OH 45822,,,,,,,,,,,,,,,,,,,,,,,,,,,,,,,,,,,,,,,,,,,,
"MERCER LANDMARK, INC.",8107,ELGIN,VAN WERT,"P.O. BOX 328, 426 W. Market Street",CELINA OH 45822,,,,,,,,,,,,,,,,,,,,,,,,,,,,,,,,,,,,,,,,,,,,
"MERCER LANDMARK, INC.",8112,CONVOY,VAN WERT,"P.O. BOX 328, 426 W. Market Street",CELINA OH 45822,,,,,,,,,,,,,,,,,,,,,,,,,,,,,,,,,,,,,,,,,,,,
MIAMI VALLEY FEED & GRAIN CO.,1204,NEW CARLISLE,CLARK,"P.O. BOX 69, 880 W. JEFFERSON ST.",NEW CARLISLE OH 45344,,,,,,,,,,,,,,,,,,,,,,,,,,,,,,,,,,,,,,,,,,,,
"MILLER GRAIN, LLC",2408,WASHINGTON CH,FAYETTE,394 WHITE ROAD,WASHINGTON C.H. OH 43160,,,,,,,,,,,,,,,,,,,,,,,,,,,,,,,,,,,,,,,,,,,,
"MPS FEED, LLC",610,ST. MARYS,AUGLAIZE,"P.O. BOX 328, 426 WEST MARKET ST.",CELINA OH 45822,,,,,,,,,,,,,,,,,,,,,,,,,,,,,,,,,,,,,,,,,,,,
"MPS FEED, LLC",5423,ST. HENRY,MERCER,"P.O. BOX 328, 426 WEST MARKET ST.",CELINA OH 45822,,,,,,,,,,,,,,,,,,,,,,,,,,,,,,,,,,,,,,,,,,,,
MT. EATON ELEVATOR,8514,MT. EATON,WAYNE,"P.O. BOX 195, 15911 BERRY STREET",MT. EATON OH 44659,,,,,,,,,,,,,,,,,,,,,,,,,,,,,,,,,,,,,,,,,,,,
"NATURE PURE, LLC",8011,RAYMOND,UNION,26586 STATE ROUTE 739,RAYMOND OH 43067,,,,,,,,,,,,,,,,,,,,,,,,,,,,,,,,,,,,,,,,,,,,
"NEW RIEGEL ELEVATOR, LLC",7420,NEW RIEGEL,SENECA,"P.O. BOX 7, 37 E. TIFFIN ST.",NEW RIEGEL OH 44853,,,,,,,,,,,,,,,,,,,,,,,,,,,,,,,,,,,,,,,,,,,,
"NORTHERN OHIO GRAIN CO-OP, INC.",8707,BORDNER FARM,WOOD,"P.O. BOX 322, 20589 TAYLOR ST.",WESTON OH 43569,,,,,,,,,,,,,,,,,,,,,,,,,,,,,,,,,,,,,,,,,,,,
"NORTHERN OHIO GRAIN CO-OP, INC.",8708,WESTON,WOOD,"P.O. BOX 322, 20589 TAYLOR ST.",WESTON OH 43569,,,,,,,,,,,,,,,,,,,,,,,,,,,,,,,,,,,,,,,,,,,,
"NORTHERN OHIO GRAIN CO-OP, INC.",8713,GRAND RAPIDS,WOOD,"P.O. BOX 322, 20589 TAYLOR ST.",WESTON OH 43569,,,,,,,,,,,,,,,,,,,,,,,,,,,,,,,,,,,,,,,,,,,,
ODENWELLER MILLING CO.,6901,OTTOVILLE,PUTNAM,"P.O. BOX 428, 184 E. MAIN ST.",OTTOVILLE OH 45876,,,,,,,,,,,,,,,,,,,,,,,,,,,,,,,,,,,,,,,,,,,,
"OTTAWA FEED & GRAIN CO., INC.",6912,OTTAWA,PUTNAM,"P.O. BOX 262, 206 S. OAK ST.",OTTAWA OH 45875,,,,,,,,,,,,,,,,,,,,,,,,,,,,,,,,,,,,,,,,,,,,
"PANDORA GRAIN & SUPPLY, INC.",204,BEAVERDAM,ALLEN,229 WEST PEARL STREET,BEAVERDAM OH 45808,,,,,,,,,,,,,,,,,,,,,,,,,,,,,,,,,,,,,,,,,,,,
"PANDORA GRAIN & SUPPLY, INC.",218,BLUFFTON,ALLEN,229 WEST PEARL STREET,BEAVERDAM OH 45808,,,,,,,,,,,,,,,,,,,,,,,,,,,,,,,,,,,,,,,,,,,,
"PANDORA GRAIN & SUPPLY, INC.",223,BEAVERDAM FLAT,ALLEN,229 WEST PEARL STREET,BEAVERDAM OH 45808,,,,,,,,,,,,,,,,,,,,,,,,,,,,,,,,,,,,,,,,,,,,
"PANDORA GRAIN & SUPPLY, INC.",6918,PANDORA,PUTNAM,229 WEST PEARL STREET,BEAVERDAM OH 45808,,,,,,,,,,,,,,,,,,,,,,,,,,,,,,,,,,,,,,,,,,,,
PETTISVILLE GRAIN CO.,2602,DELTA,FULTON,"P.O. BOX 53009, 18251 COUNTY ROAD DE",PETTISVILLE OH 43553,,,,,,,,,,,,,,,,,,,,,,,,,,,,,,,,,,,,,,,,,,,,
PETTISVILLE GRAIN CO.,2603,PETTISVILLE,FULTON,"P.O. BOX 53009, 18251 COUNTY ROAD DE",PETTISVILLE OH 43553,,,,,,,,,,,,,,,,,,,,,,,,,,,,,,,,,,,,,,,,,,,,
PETTISVILLE GRAIN CO.,2608,SOUTH DELTA,FULTON,"P.O. BOX 53009, 18251 COUNTY ROAD DE",PETTISVILLE OH 43553,,,,,,,,,,,,,,,,,,,,,,,,,,,,,,,,,,,,,,,,,,,,
PETTISVILLE GRAIN CO.,8609,WEST UNITY,WILLIAMS,"P.O. BOX 53009, 18251 COUNTY ROAD DE",PETTISVILLE OH 43553,,,,,,,,,,,,,,,,,,,,,,,,,,,,,,,,,,,,,,,,,,,,
"POET GRAIN, LLC",5115,MARION,MARION,3939 N WEBB ROAD,WICHITA KS 67226,,,,,,,,,,,,,,,,,,,,,,,,,,,,,,,,,,,,,,,,,,,,
"POET GRAIN, LLC",6902,LEIPSIC,PUTNAM,3939 N WEBB ROAD,WICHITA KS 67226,,,,,,,,,,,,,,,,,,,,,,,,,,,,,,,,,,,,,,,,,,,,
"POET GRAIN, LLC",7424,FOSTORIA,SENECA,3939 N WEBB ROAD,WICHITA KS 67226,,,,,,,,,,,,,,,,,,,,,,,,,,,,,,,,,,,,,,,,,,,,
"PREMIER GRAIN, LLC",1103,URBANA,CHAMPAIGN,700 MIAMI STREET,URBANA OH 43078,,,,,,,,,,,,,,,,,,,,,,,,,,,,,,,,,,,,,,,,,,,,
"PREMIER GRAIN, LLC",1404,SABINA,CLINTON,1 SOLUTIONS AVENUE,SABINA OH 45169,,,,,,,,,,,,,,,,,,,,,,,,,,,,,,,,,,,,,,,,,,,,
"PREMIER GRAIN, LLC",1413,MELVIN,CLINTON,238 MELVIN ROAD,WILMINGTON OH 45177,,,,,,,,,,,,,,,,,,,,,,,,,,,,,,,,,,,,,,,,,,,,
"PREMIER GRAIN, LLC",2902,JAMESTOWN,GREENE,25 SOUTH CHURCH STREET,JAMESTOWN OH 45335,,,,,,,,,,,,,,,,,,,,,,,,,,,,,,,,,,,,,,,,,,,,
"PREMIER GRAIN, LLC",3603,LEESBURG,HIGHLAND,116 SOUTH FAIRFIELD STREET,LEESBURG OH 45135,,,,,,,,,,,,,,,,,,,,,,,,,,,,,,,,,,,,,,,,,,,,
"PREMIER GRAIN, LLC",7111,LYNDON,ROSS,3540 STATE ROUTE 28 EAST,SOUTH SALEM OH 45681,,,,,,,,,,,,,,,,,,,,,,,,,,,,,,,,,,,,,,,,,,,,
"PREMIUM AG GRAINS, LLC",3610,HILLSBORO,HIGHLAND,630 SOUTH HIGH STREET,HILLSBORO OH 45133,,,,,,,,,,,,,,,,,,,,,,,,,,,,,,,,,,,,,,,,,,,,
"PREMIUM AGRICULTURAL COMMODITIES, INC.",3609,HILLSBORO,HIGHLAND,630 SOUTH HIGH STREET,HILLSBORO OH 45133,,,,,,,,,,,,,,,,,,,,,,,,,,,,,,,,,,,,,,,,,,,,
PURE LINE FOOD COMPANY,8104,MIDDLE POINT,VAN WERT,"P.O. BOX 220, 101 N. MASON ST.",MIDDLE POINT OH 45863,,,,,,,,,,,,,,,,,,,,,,,,,,,,,,,,,,,,,,,,,,,,
REPUBLIC MERCANTILE & ELEVATOR ASSN,7410,REPUBLIC,SENECA,"P.O. BOX 10, 522 MAPLE ST.",REPUBLIC OH 44867,,,,,,,,,,,,,,,,,,,,,,,,,,,,,,,,,,,,,,,,,,,,
"RIDGEVILLE ELEVATOR, INC.",2606,FAYETTE,FULTON,"P.O. BOX 276, 20903 US RT. 6",RIDGEVILLE CORNERS OH 43555,,,,,,,,,,,,,,,,,,,,,,,,,,,,,,,,,,,,,,,,,,,,
"RIDGEVILLE ELEVATOR, INC.",3506,ELERY,HENRY,"P.O. BOX 276, 20903 US RT. 6",RIDGEVILLE CORNERS OH 43555,,,,,,,,,,,,,,,,,,,,,,,,,,,,,,,,,,,,,,,,,,,,
"RIDGEVILLE ELEVATOR, INC.",3516,MCCLURE,HENRY,"P.O. BOX 276, 20903 US RT. 6",RIDGEVILLE CORNERS OH 43555,,,,,,,,,,,,,,,,,,,,,,,,,,,,,,,,,,,,,,,,,,,,
"RIDGEVILLE ELEVATOR, INC.",3519,RIDGVL.CORNER,HENRY,"P.O. BOX 276, 20903 US RT. 6",RIDGEVILLE CORNERS OH 43555,,,,,,,,,,,,,,,,,,,,,,,,,,,,,,,,,,,,,,,,,,,,
"RIDGEVILLE ELEVATOR, INC.",8113,OHIO CITY,NULL,"P.O. BOX 276, 20903 US RT. 6",RIDGEVILLE CORNERS OH 43555,,,,,,,,,,,,,,,,,,,,,,,,,,,,,,,,,,,,,,,,,,,,
"RIEGEL FEED & GRAIN, INC.",6819,NEW PARIS,PREBLE,307 N. WASHINGTON ST.,NEW PARIS OH 45347,,,,,,,,,,,,,,,,,,,,,,,,,,,,,,,,,,,,,,,,,,,,
"RO-LIN FARM SERVICES, INC.",5714,GERMANTOWN,MONTGOMERY,"P.O. BOX 278, 8040 CONSERVANCY",GERMANTOWN OH 45327,,,,,,,,,,,,,,,,,,,,,,,,,,,,,,,,,,,,,,,,,,,,
"RUDY, INC.",5509,COVINGTON,MIAMI,"P.O. BOX 67, 200 HAZEL ST.",COVINGTON OH 45318,,,,,,,,,,,,,,,,,,,,,,,,,,,,,,,,,,,,,,,,,,,,
"RUDY, INC.",5520,WEST MILTON,MIAMI,"P.O. BOX 67, 200 HAZEL ST.",COVINGTON OH 45318,,,,,,,,,,,,,,,,,,,,,,,,,,,,,,,,,,,,,,,,,,,,
"RUSHCREEK FEED & SUPPLY CO., INC.",2302,BREMEN,FAIRFIELD,103 S. BROAD ST.,BREMEN OH 43107,,,,,,,,,,,,,,,,,,,,,,,,,,,,,,,,,,,,,,,,,,,,
SCOTT EQUITY EXCHANGE CO.,8102,SCOTT,VAN WERT,"P.O. BOX 147, 12529 BLAINE ST.",SCOTT OH 45886,,,,,,,,,,,,,,,,,,,,,,,,,,,,,,,,,,,,,,,,,,,,
SCOTT EQUITY EXCHANGE CO.,8105,VAN WERT,VAN WERT,"P.O. BOX 147, 12529 BLAINE ST.",SCOTT OH 45886,,,,,,,,,,,,,,,,,,,,,,,,,,,,,,,,,,,,,,,,,,,,
SIMMONS FEED & SUPPLY LLC,1502,SALEM,COLUMBIANA,"P.O. BOX 432, 600 SNYDER RD.",SALEM OH 44460,,,,,,,,,,,,,,,,,,,,,,,,,,,,,,,,,,,,,,,,,,,,
"SNYDER GRAIN, LLC",5005,NEW SPRINGFIELD,MAHONING,12833 BEARD ROAD,NEW SPRINGFIELD OH 44443,,,,,,,,,,,,,,,,,,,,,,,,,,,,,,,,,,,,,,,,,,,,
STAR OF THE WEST MILLING CO.,3901,WILLARD,HURON,"P.O. BOX 438, 3510 S.R. 103 E.",WILLARD OH 44890,,,,,,,,,,,,,,,,,,,,,,,,,,,,,,,,,,,,,,,,,,,,
"STOLLER FARMS, INC.",8111,VAN WERT,VAN WERT,12015 STATE ROUTE 118,VAN WERT OH 45891-9250,,,,,,,,,,,,,,,,,,,,,,,,,,,,,,,,,,,,,,,,,,,,
STRYKER FARMERS EXCHANGE CO.,8607,STRYKER,WILLIAMS,"P.O. BOX 509, 114 WEST ST.",STRYKER OH 43557,,,,,,,,,,,,,,,,,,,,,,,,,,,,,,,,,,,,,,,,,,,,
"SUNRISE COOPERATIVE, INC.",607,UNIOPOLIS,AUGLAIZE,"P.O. BOX 870,2025 W. STATE ST.",FREMONT OH 43420-0870,,,,,,,,,,,,,,,,,,,,,,,,,,,,,,,,,,,,,,,,,,,,
"SUNRISE COOPERATIVE, INC.",1203,SOUTH CHARLESTON,CLARK,"P.O. BOX 870,2025 W. STATE ST.",FREMONT OH 43420-0870,,,,,,,,,,,,,,,,,,,,,,,,,,,,,,,,,,,,,,,,,,,,
"SUNRISE COOPERATIVE, INC.",1712,NEW WASHINGTON,CRAWFORD,"P.O. BOX 870,2025 W. STATE ST.",FREMONT OH 43420-0870,,,,,,,,,,,,,,,,,,,,,,,,,,,,,,,,,,,,,,,,,,,,
"SUNRISE COOPERATIVE, INC.",1715,CRESTLINE,CRAWFORD,"P.O. BOX 870,2025 W. STATE ST.",FREMONT OH 43420-0870,,,,,,,,,,,,,,,,,,,,,,,,,,,,,,,,,,,,,,,,,,,,
"SUNRISE COOPERATIVE, INC.",1910,OSGOOD,DARKE,"P.O. BOX 870,2025 W. STATE ST.",FREMONT OH 43420-0870,,,,,,,,,,,,,,,,,,,,,,,,,,,,,,,,,,,,,,,,,,,,
"SUNRISE COOPERATIVE, INC.",3907,CLARKSFIELD,HURON,"P.O. BOX 870,2025 W. STATE ST.",FREMONT OH 43420,,,,,,,,,,,,,,,,,,,,,,,,,,,,,,,,,,,,,,,,,,,,
"SUNRISE COOPERATIVE, INC.",3916,MONROEVILLE,HURON,"P.O. BOX 870,2025 W. STATE ST.",FREMONT OH 43420,,,,,,,,,,,,,,,,,,,,,,,,,,,,,,,,,,,,,,,,,,,,
"SUNRISE COOPERATIVE, INC.",7215,CLYDE,SANDUSKY,"P.O. BOX 870,2025 W. STATE ST.",FREMONT OH 43420-0870,,,,,,,,,,,,,,,,,,,,,,,,,,,,,,,,,,,,,,,,,,,,
"SUNRISE COOPERATIVE, INC.",7502,BOTKINS,SHELBY,"P.O. BOX 870,2025 W. STATE ST.",FREMONT OH 43420-0870,,,,,,,,,,,,,,,,,,,,,,,,,,,,,,,,,,,,,,,,,,,,
"T.Y.G.B.J.Y., INC.",402,COLEBROOK,ASHTABULA,8549 STATE ROUTE 46 S,ORWELL OH 44076,,,,,,,,,,,,,,,,,,,,,,,,,,,,,,,,,,,,,,,,,,,,
"THE ANDERSONS, INC.",1414,PORT WILLIAM,CLINTON,"P.O. BOX 119, 1947 BRIARFIELD BLVD.",MAUMEE OH 43537,,,,,,,,,,,,,,,,,,,,,,,,,,,,,,,,,,,,,,,,,,,,
"THE ANDERSONS, INC.",1928,GREENVILLE,DARKE,"P.O. BOX 119, 1947 BRIARFIELD BLVD.",MAUMEE OH 43537,,,,,,,,,,,,,,,,,,,,,,,,,,,,,,,,,,,,,,,,,,,,
"THE ANDERSONS, INC.",2604,METAMORA,FULTON,"P.O. BOX 119, 1947 BRIARFIELD BLVD.",MAUMEE OH 43537,,,,,,,,,,,,,,,,,,,,,,,,,,,,,,,,,,,,,,,,,,,,
"THE ANDERSONS, INC.",4801,KUHLMAN D & B,LUCAS,"P.O. BOX 119, 1947 BRIARFIELD BLVD.",MAUMEE OH 43537,,,,,,,,,,,,,,,,,,,,,,,,,,,,,,,,,,,,,,,,,,,,
"THE ANDERSONS, INC.",4806,ILLINOIS AVE.,LUCAS,"P.O. BOX 119, 1947 BRIARFIELD BLVD.",MAUMEE OH 43537,,,,,,,,,,,,,,,,,,,,,,,,,,,,,,,,,,,,,,,,,,,,
"THE ANDERSONS, INC.",4807,CONANT STREET,LUCAS,"P.O. BOX 119, 1947 BRIARFIELD BLVD.",MAUMEE OH 43537,,,,,,,,,,,,,,,,,,,,,,,,,,,,,,,,,,,,,,,,,,,,
"THE ANDERSONS, INC.",4808,EDWIN-RIVER,LUCAS,"P.O. BOX 119, 1947 BRIARFIELD BLVD.",MAUMEE OH 43537,,,,,,,,,,,,,,,,,,,,,,,,,,,,,,,,,,,,,,,,,,,,
"THE ANDERSONS, INC.",4809,REYNOLDS RD.,LUCAS,"P.O. BOX 119, 1947 BRIARFIELD BLVD.",MAUMEE OH 43537,,,,,,,,,,,,,,,,,,,,,,,,,,,,,,,,,,,,,,,,,,,,
THE CARROLLTON FARMERS EXCHANGE CO.,1001,CARROLLTON,CARROLL,204 2ND STREET NW,CARROLLTON OH 44615,,,,,,,,,,,,,,,,,,,,,,,,,,,,,,,,,,,,,,,,,,,,
THE DELONG CO.,6511,LOCKBOURNE,PICKAWAY,P.O. BOX 552,CLINTON WI 53525,,,,,,,,,,,,,,,,,,,,,,,,,,,,,,,,,,,,,,,,,,,,
THE DELONG CO.,8724,NORTH BALTIMORE,WOOD,P.O. BOX 552,CLINTON OH 53525,,,,,,,,,,,,,,,,,,,,,,,,,,,,,,,,,,,,,,,,,,,,
THE MENNEL MILLING COMPANY,1703,BUCYRUS,CRAWFORD,319 SOUTH VINE STREET,FOSTORIA OH 44830,,,,,,,,,,,,,,,,,,,,,,,,,,,,,,,,,,,,,,,,,,,,
THE MENNEL MILLING COMPANY,2103,RADNOR,DELAWARE,319 SOUTH VINE STREET,FOSTORIA OH 44830,,,,,,,,,,,,,,,,,,,,,,,,,,,,,,,,,,,,,,,,,,,,
THE MENNEL MILLING COMPANY,2410,JEFFERSONVILLE,FAYETTE,319 SOUTH VINE STREET,FOSTORIA OH 44830,,,,,,,,,,,,,,,,,,,,,,,,,,,,,,,,,,,,,,,,,,,,
THE MENNEL MILLING COMPANY,3211,FOSTORIA,HANCOCK,319 SOUTH VINE STREET,FOSTORIA OH 44830,,,,,,,,,,,,,,,,,,,,,,,,,,,,,,,,,,,,,,,,,,,,
THE MENNEL MILLING COMPANY,3311,FORAKER,HARDIN,319 SOUTH VINE STREET,FOSTORIA OH 44830,,,,,,,,,,,,,,,,,,,,,,,,,,,,,,,,,,,,,,,,,,,,
THE MENNEL MILLING COMPANY,3703,LOGAN,HOCKING,319 SOUTH VINE STREET,FOSTORIA OH 44830,,,,,,,,,,,,,,,,,,,,,,,,,,,,,,,,,,,,,,,,,,,,
THE MENNEL MILLING COMPANY,4802,TOLEDO,LUCAS,319 SOUTH VINE STREET,FOSTORIA OH 44830,,,,,,,,,,,,,,,,,,,,,,,,,,,,,,,,,,,,,,,,,,,,
THE MENNEL MILLING COMPANY,5515,TROY,MIAMI,319 SOUTH VINE STREET,FOSTORIA OH 44830,,,,,,,,,,,,,,,,,,,,,,,,,,,,,,,,,,,,,,,,,,,,
THE MENNEL MILLING COMPANY,6506,ELMWOOD,PICKAWAY,319 SOUTH VINE STREET,FOSTORIA OH 44830,,,,,,,,,,,,,,,,,,,,,,,,,,,,,,,,,,,,,,,,,,,,
THE MENNEL MILLING COMPANY,6510,ATLANTA,PICKAWAY,319 SOUTH VINE STREET,FOSTORIA OH 44830,,,,,,,,,,,,,,,,,,,,,,,,,,,,,,,,,,,,,,,,,,,,
THE MENNEL MILLING COMPANY,7110,KINGSTON,ROSS,319 SOUTH VINE STREET,FOSTORIA OH 44830,,,,,,,,,,,,,,,,,,,,,,,,,,,,,,,,,,,,,,,,,,,,
THE MENNEL MILLING COMPANY,7401,ALVADA,SENECA,319 SOUTH VINE STREET,FOSTORIA OH 44830,,,,,,,,,,,,,,,,,,,,,,,,,,,,,,,,,,,,,,,,,,,,
THE MENNEL MILLING COMPANY,8801,NEVADA,WYANDOT,319 SOUTH VINE STREET,FOSTORIA OH 44830,,,,,,,,,,,,,,,,,,,,,,,,,,,,,,,,,,,,,,,,,,,,
THE MENNEL MILLING COMPANY,8811,WHARTON,WYANDOT,319 SOUTH VINE STREET,FOSTORIA OH 44830,,,,,,,,,,,,,,,,,,,,,,,,,,,,,,,,,,,,,,,,,,,,
THE MENNEL MILLING COMPANY,8812,C & O,WYANDOT,319 SOUTH VINE STREET,FOSTORIA OH 44830,,,,,,,,,,,,,,,,,,,,,,,,,,,,,,,,,,,,,,,,,,,,
THE MENNEL MILLING COMPANY,8813,FARM,WYANDOT,319 SOUTH VINE STREET,FOSTORIA OH 44830,,,,,,,,,,,,,,,,,,,,,,,,,,,,,,,,,,,,,,,,,,,,
THE MENNEL MILLING COMPANY,8817,MORRAL,WYANDOT,319 SOUTH VINE STREET,FOSTORIA OH 44830,,,,,,,,,,,,,,,,,,,,,,,,,,,,,,,,,,,,,,,,,,,,
THE SCOULAR COMPANY,5512,COVINGTON,MIAMI,"10801 MASTIN STREET, SUITE 800",OVERLAND PARK KS 66210,,,,,,,,,,,,,,,,,,,,,,,,,,,,,,,,,,,,,,,,,,,,
"TIFFIN FARMERS CO-OP, INC.",7411,TIFFIN,SENECA,"P.O. BOX 576, 585 S. C.R. 13",TIFFIN OH 44883,,,,,,,,,,,,,,,,,,,,,,,,,,,,,,,,,,,,,,,,,,,,
TMK FARM SERVICE,3810,HOLMESVILLE,HOLMES,"P.O. BOX 278, 138 SECOND STREET NW",SUGARCREEK OH 44681,,,,,,,,,,,,,,,,,,,,,,,,,,,,,,,,,,,,,,,,,,,,
TMK FARM SERVICE,7903,SUGARCREEK,TUSCARAWAS,"P.O. BOX 278, 138 SECOND STREET NW",SUGARCREEK OH 44681,,,,,,,,,,,,,,,,,,,,,,,,,,,,,,,,,,,,,,,,,,,,
"UNITED EQUITY, INC.",201,DELPHOS,ALLEN,"P.O. BOX 398, 104 S. MAIN ST.",DELPHOS OH 45833,,,,,,,,,,,,,,,,,,,,,,,,,,,,,,,,,,,,,,,,,,,,
"UNITED EQUITY, INC.",209,SPENCERVILLE,ALLEN,110 EAST NORTH STREET,SPENCERVILLE OH 45887,,,,,,,,,,,,,,,,,,,,,,,,,,,,,,,,,,,,,,,,,,,,
"UNITED EQUITY, INC.",5419,NEPTUNE,MERCER,8731 STATE ROUTE 197,CELINA OH 45822,,,,,,,,,,,,,,,,,,,,,,,,,,,,,,,,,,,,,,,,,,,,
"VANTILBURG FARMS, INC.",5412,CELINA,MERCER,8398 CELINA-MENDON ROAD,CELINA OH 45822,,,,,,,,,,,,,,,,,,,,,,,,,,,,,,,,,,,,,,,,,,,,
"VERSAILLES FEED MILL, INC.",1912,VERSAILLES,DARKE,"P.O. BOX 21, 242 N. WEST ST.",VERSAILLES OH 45380,,,,,,,,,,,,,,,,,,,,,,,,,,,,,,,,,,,,,,,,,,,,
VERSOVA MANAGEMENT COOPERATIVE,4505,CROTON,LICKING,10513 CROTON ROAD,JOHNSTOWN OH 43031,,,,,,,,,,,,,,,,,,,,,,,,,,,,,,,,,,,,,,,,,,,,
VERSOVA MANAGEMENT COOPERATIVE,5116,LARUE,MARION,10513 CROTON ROAD,JOHNSTOWN OH 43031,,,,,,,,,,,,,,,,,,,,,,,,,,,,,,,,,,,,,,,,,,,,
"W.C. MILLING, LLC",106,SEAMAN,ADAMS,"P.O. BOX 293, 100 OPAL STREET",SEAMAN OH 45679,,,,,,,,,,,,,,,,,,,,,,,,,,,,,,,,,,,,,,,,,,,,
"WALNUT HILL FEEDS, INC.",1717,SHELBY,CRAWFORD,6048 STATE ROUTE 598,SHELBY OH 44875,,,,,,,,,,,,,,,,,,,,,,,,,,,,,,,,,,,,,,,,,,,,
"WESTFIELD SPECIALTY GRAINS, LLC",7809,CORTLAND,TRUMBULL,4193 EVERETT HULL ROAD,CORTLAND OH 44410,,,,,,,,,,,,,,,,,,,,,,,,,,,,,,,,,,,,,,,,,,,,
"WESTSIDE FEED SERVICE, INC.",1701,BUCYRUS,CRAWFORD,1115 W. MANSFIELD ST.,BUCYRUS OH 44820,,,,,,,,,,,,,,,,,,,,,,,,,,,,,,,,,,,,,,,,,,,,
WESTVILLE GRAIN CO.,1104,WESTVILLE,CHAMPAIGN,1045 STATE ROUTE 560,URBANA OH 43078,,,,,,,,,,,,,,,,,,,,,,,,,,,,,,,,,,,,,,,,,,,,
WESTVILLE GRAIN CO.,1112,JENKINS FARM,CHAMPAIGN,3545 HECK ROAD,SAINT PARIS OH 43072,,,,,,,,,,,,,,,,,,,,,,,,,,,,,,,,,,,,,,,,,,,,
"WHITELEATHER GRAIN, LLC",1512,MINERVA,COLUMBIANA,8383 BAYARD ROAD,MINERVA OH 44657,,,,,,,,,,,,,,,,,,,,,,,,,,,,,,,,,,,,,,,,,,,,
"WHITELEATHER GRAIN, LLC",1513,WILSON RD.,COLUMBIANA,WILSON ROAD,MINERVA OH 44657,,,,,,,,,,,,,,,,,,,,,,,,,,,,,,,,,,,,,,,,,,,,
"WINCHESTER AG SERVICE, INC.",101,WINCHESTER,ADAMS,"P.O. BOX 86, 1350 TRI COUNTY",WINCHESTER OH 45697,,,,,,,,,,,,,,,,,,,,,,,,,,,,,,,,,,,,,,,,,,,,
"WINCHESTER AG SERVICE, INC.",801,GEORGETOWN,BROWN,5867 DAY HILL ROAD,GEORGETOWN OH 45121,,,,,,,,,,,,,,,,,,,,,,,,,,,,,,,,,,,,,,,,,,,,
WRAY GRAIN LLC,1927,ARCANUM,DARKE,4693 RED RIVER-WEST GROVE RD.,ARCANUM OH 45304,,,,,,,,,,,,,,,,,,,,,,,,,,,,,,,,,,,,,,,,,,,,
YOUNG FAMILY FARMS ENTERPRISES LLC,305,ASHLAND,ASHLAND,954 COUNTY ROAD 1754,ASHLAND OH 44805,,,,,,,,,,,,,,,,,,,,,,,,,,,,,,,,,,,,,,,,,,,,
