"ACCT_NUM","EXPIRE_DT","CLI_NUM","CLI_LEGAL_NAME","CLI_DBA","CONTACT_NAME_PREFIX","CONTACT_NAME_FIRST","CONTACT_NAME_MIDDLE","CONTACT_NAME_LAST","CONTACT_NAME_SUFFIX","CONTACT_NAME","ATTN_NAME","FACILITY_NAME","COUNTY_NAME"
"0440758","46538.0","00340504","WEST GRAIN INC","WEST GRAIN INC","","DONNA","M","CHARANZA","","DONNA M CHARANZA","DONNA M CHARANZA","WEST GRAIN INC","MCLENNAN"
"0494362","46599.0","00378539","APEX GRAIN COMPANY LLC","ROBERTSON GRAIN","","KEVIN","","BING","","KEVIN  BING","KEVIN  BING","1 APEX GRAIN COMPANY LLC","HILL"
"0321160","46538.0","00147027","VALLEY FEED MILL INC OF PARIS","VALLEY FEED AND GRAIN ELEVATOR","","VICKI","","SHUPING","","VICKI  SHUPING","VICKI  SHUPING","4 VALLEY FEED MILL INC OF PARIS (ROXTON FEED MILL)","LAMAR"
"0750736","46630.0","00138995","ALAN RITCHEY INC","MARTINDALE FEED MILL","","DAN","F","O'REAR","","DAN F O'REAR","DAN F O'REAR","MARTINDALE FEED MILL","COOKE"
"0816528","46356.0","00139066","KELLER GRAIN INC","","","BURNELL","R","KELLER","","BURNELL R KELLER","BURNELL R KELLER","KELLER GRAIN INC","MEDINA"
"0816528","46356.0","00139066","KELLER GRAIN INC","","","BURNELL","R","KELLER","","BURNELL R KELLER","BURNELL R KELLER","2 KELLER GRAIN INC","MEDINA"
"0816528","46356.0","00139066","KELLER GRAIN INC","","","BURNELL","R","KELLER","","BURNELL R KELLER","BURNELL R KELLER","4 KELLER GRAIN INC","MEDINA"
"0816528","46356.0","00139066","KELLER GRAIN INC","","","BURNELL","R","KELLER","","BURNELL R KELLER","BURNELL R KELLER","5 KELLER GRAIN","BEXAR"
"0464217","46418.0","00028384","FARMERS COOPERATIVE SOCIETY OF STAMFORD","","","REX","A","FORD","","REX A FORD","REX A FORD","1 FARMERS COOPERATIVE SOCIETY OF STAMFORD","JONES"
"0464217","46418.0","00028384","FARMERS COOPERATIVE SOCIETY OF STAMFORD","","","REX","A","FORD","","REX A FORD","REX A FORD","2 FARMERS COOPERATIVE SOCIETY OF STAMFORD","JONES"
"0808250","46538.0","00036487","HASKELL CO-OP GIN CO","","","BETH","","POWERS","","BETH  POWERS","BETH  POWERS","HASKELL CO-OP GIN CO","HASKELL"
"0237206","46538.0","00099915","MCFADDIN GRAIN CO","MCFADDIN GRAIN CO","","RANDY","","CHARBULA","","RANDY  CHARBULA","RANDY  CHARBULA","MCFADDIN GRAIN COMPANY","GOLIAD"
"0237225","46538.0","00099921","PRODUCERS COOPERATIVE MARKETING ASSOCATION","PRODUCERS COOP","","BRADLEY","S","REILEY","","BRADLEY S REILEY","BRADLEY S REILEY","PRODUCERS COOP SEGUIN FACILITY","GUADALUPE"
"0237350","46538.0","00027570","WOODSBORO FARMERS COOPERATIVE","","","KREECE","","WIGINTON","","KREECE  WIGINTON","KREECE  WIGINTON","WOODSBORO FARMERS COOPERATIVE","REFUGIO"
"0237379","46538.0","00099953","STRATFORD GRAIN CO","STRATFORD GRAIN CO","","ANDY","","RIFFE","","ANDY  RIFFE","ANDY  RIFFE","STRATFORD GRAIN CO.","SHERMAN"
"0237469","46538.0","00099975","IV FARMERS GRAIN INC","IV FARMERS GRAIN INC","MR.","CHRIS","","STRICKLAND","","CHRIS  STRICKLAND","CHRIS  STRICKLAND","1 IV FARMERS GRAIN INC","COLLIN"
"0237379","46538.0","00099953","STRATFORD GRAIN CO","STRATFORD GRAIN CO","","ANDY","","RIFFE","","ANDY  RIFFE","ANDY  RIFFE","2 STRATFORD GRAIN COMPANY (LAUTZ)","SHERMAN"
"0237571","46538.0","00036420","VICTORIA CALHOUN GRAIN COMPANY","VICTORIA CALHOUN GRAIN CO","","JEANNE","","LANGE","","JEANNE  LANGE","JEANNE  LANGE","1 VICTORIA CALHOUN GRAIN COMPANY","VICTORIA"
"0237469","46538.0","00099975","IV FARMERS GRAIN INC","IV FARMERS GRAIN INC","MR.","CHRIS","","STRICKLAND","","CHRIS  STRICKLAND","CHRIS  STRICKLAND","2 CADDO MILLS","HUNT"
"0237635","46538.0","00027630","ITASCA COOPERATIVE GRAIN COMPANY","ITASCA COOP GRAIN CO","","CANDICE","C","MCCABE","","CANDICE C MCCABE","CANDICE C MCCABE","ITASCA COOPERATIVE GRAIN COMPANY","HILL"
"0321160","46538.0","00147027","VALLEY FEED MILL INC OF PARIS","VALLEY FEED AND GRAIN ELEVATOR","","VICKI","","SHUPING","","VICKI  SHUPING","VICKI  SHUPING","1 VALLEY FEED MILL INC OF PARIS","LAMAR"
"0321160","46538.0","00147027","VALLEY FEED MILL INC OF PARIS","VALLEY FEED AND GRAIN ELEVATOR","","VICKI","","SHUPING","","VICKI  SHUPING","VICKI  SHUPING","2 VALLEY FEED MILL INC OF PARIS (ARTHUR CITY)","LAMAR"
"0321160","46538.0","00147027","VALLEY FEED MILL INC OF PARIS","VALLEY FEED AND GRAIN ELEVATOR","","VICKI","","SHUPING","","VICKI  SHUPING","VICKI  SHUPING","3 VALLEY FEED MILL INC OF PARIS (WINDOM FEED MILL)","FANNIN"
"0624862","46630.0","00474794","CIRCLEVILLE GRAIN LLC","","","LARRY","W","KOTRLA","","LARRY W KOTRLA","LARRY W KOTRLA","CIRCLEVILLE GRAIN LLC","WILLIAMSON"
"0692553","46568.0","00528965","SCOTT GING GRAIN INC","","","SCOTT","A","GING","","SCOTT A GING","SCOTT A GING","SCOTT GING GRAIN INC","TRAVIS"
"0741329","46295.0","00563333","AMIGOS GRAIN ELEVATOR LLC","","","SHAWN","","SETLIFF-SPEARS","","SHAWN  SETLIFF-SPEARS","SHAWN  SETLIFF-SPEARS","1 AMIGO GRAIN ELEVATOR BEEVILLE","BEE"
"0699905","46356.0","00534993","TEXAS VALLEY GRAIN LLC","","","ADRIANA","","BARBOSA","","ADRIANA  BARBOSA","ADRIANA  BARBOSA","1 TEXAS VALLEY GRAIN LLC","HIDALGO"
"0699905","46356.0","00534993","TEXAS VALLEY GRAIN LLC","","","ADRIANA","","BARBOSA","","ADRIANA  BARBOSA","ADRIANA  BARBOSA","2 TEXAS VALLEY GRAIN LLC","CAMERON"
"0318576","46538.0","00028323","PRODUCERS COOPERATIVE ELEVATOR","PRODUCERS COOP ELEVATOR","","JEFFREY","A","KLER","","JEFFREY A KLER","JEFFREY A KLER","6 PRODUCERS COOPERATIVE ELEVATOR","FLOYD"
"0318576","46538.0","00028323","PRODUCERS COOPERATIVE ELEVATOR","PRODUCERS COOP ELEVATOR","","JEFFREY","A","KLER","","JEFFREY A KLER","JEFFREY A KLER","1 PRODUCERS COOPERATIVE ELEVATOR","FLOYD"
"0893312","46295.0","00660794","F TROOP GRAINS LLC","","","CYDNEY","","HENLEY","","CYDNEY   HENLEY","CYDNEY   HENLEY","UMBARGER ELEVATOR","RANDALL"
"0893312","46295.0","00660794","F TROOP GRAINS LLC","","","CYDNEY","","HENLEY","","CYDNEY   HENLEY","CYDNEY   HENLEY","CONSUMER SUPPLY COOP","RANDALL"
"0385351","46538.0","00040923","COTTON CENTER GRAIN LTD","COTTON CENTER GRAIN LTD","","DAVID","D","CARVER","","DAVID D CARVER","DAVID D CARVER","1 COTTON CENTER GRAIN LTD","HALE"
"0385351","46538.0","00040923","COTTON CENTER GRAIN LTD","COTTON CENTER GRAIN LTD","","DAVID","D","CARVER","","DAVID D CARVER","DAVID D CARVER","2 COTTON CENTER GRAIN LTD","HALE"
"0392979","46538.0","00320617","CHS INC","","","SUE","","BALLESTAD","","SUE  BALLESTAD","SUE  BALLESTAD","CHS INC. - FRIONA, TX","PARMER"
"0396565","46538.0","00323403","MUENNINK GRAIN MERCHANDISING","","","CRAIG","R","MUENNINK","","CRAIG R MUENNINK","CRAIG R MUENNINK","MUENNINK GRAIN MERCHANDISING","MEDINA"
"0985963","46599.0","00716647","GRAIN GROWTH LLC","BOTTLINGER GRAIN","","LUCAS","J","LAGOS","","LUCAS J LAGOS","LUCAS J LAGOS","BOTTLINGER GRAIN INC HAMILTON","HAMILTON"
"0985963","46599.0","00716647","GRAIN GROWTH LLC","BOTTLINGER GRAIN","","LUCAS","J","LAGOS","","LUCAS J LAGOS","LUCAS J LAGOS","BOTTLINGER GRAIN INC CRAWFORD","MCLENNAN"
"0985963","46599.0","00716647","GRAIN GROWTH LLC","BOTTLINGER GRAIN","","LUCAS","J","LAGOS","","LUCAS J LAGOS","LUCAS J LAGOS","BOTTLINGER GRAIN INC TURNERSVILLE","CORYELL"
"0985963","46599.0","00716647","GRAIN GROWTH LLC","BOTTLINGER GRAIN","","LUCAS","J","LAGOS","","LUCAS J LAGOS","LUCAS J LAGOS","BOTTLINGER GRAIN INC OGLESBY","CORYELL"
"0975455","46446.0","00711436","BEAKLEY FARMS GRAIN LLC","","","JOHN","S","BEAKLEY","","JOHN S BEAKLEY","JOHN S BEAKLEY","BEAKLEY FARMS GRAIN LLC","ELLIS"
"0975455","46446.0","00711436","BEAKLEY FARMS GRAIN LLC","","","JOHN","S","BEAKLEY","","JOHN S BEAKLEY","JOHN S BEAKLEY","2 BEAKLEY FARMS GRAIN","ELLIS"
"0237646","46538.0","00031132","MUNCY ELEVATOR INC","MUNCY ELEVATOR INC","","PAUL","","ROSS","","PAUL  ROSS","PAUL  ROSS","2 MUNCY ELEVATOR INC","FLOYD"
"0237646","46538.0","00031132","MUNCY ELEVATOR INC","MUNCY ELEVATOR INC","","PAUL","","ROSS","","PAUL  ROSS","PAUL  ROSS","1 MUNCY ELEVATOR INC","FLOYD"
"0616745","46568.0","00469314","CONAGRI GOLDEN LLC","","","ESTHER","","ACOSTA","","ESTHER  ACOSTA","ESTHER  ACOSTA","CONAGRA GOLDEN LLC","HIDALGO"
"0602579","46568.0","00441575","ACN AGRIPRODUCTS LLC","","","RUBEN","","PUGA","","RUBEN  PUGA","RUBEN  PUGA","ACN AGRIPRODUCTS LLC","HIDALGO"
"0580248","46630.0","00445670","QUALITY GRAIN LLC","","","ERIC","B","AKINS","","ERIC B AKINS","ERIC B AKINS","1 QUALITY GRAIN  (DORCHESTER)","GRAYSON"
"0580248","46630.0","00445670","QUALITY GRAIN LLC","","","ERIC","B","AKINS","","ERIC B AKINS","ERIC B AKINS","2 QUALITY GRAIN (SHERMAN)","GRAYSON"
"0747707","46418.0","00141789","SILVERCOT INC","","","ELOY","","BELTRAN","","ELOY  BELTRAN","ELOY  BELTRAN","SILVERCOT, INC.","BRISCOE"
"0908473","46538.0","00668893","HAMLIN ELEVATOR LLC","","","TAYLOR","","SHARPE","","TAYLOR  SHARPE","TAYLOR  SHARPE","HAMLIN ELEVATOR LLC","JONES"
"0908473","46538.0","00668893","HAMLIN ELEVATOR LLC","","","TAYLOR","","SHARPE","","TAYLOR  SHARPE","TAYLOR  SHARPE","WEINERT ELEVATOR","HASKELL"
"0237258","46538.0","00048276","WALLER RICE DRIER INC","WALLER RICE DRIER INC","","PATTI","P","HEGAR","","PATTI P HEGAR","PATTI P HEGAR","WALLER RICE DRIER INCORPORATED","HARRIS"
"0237306","46538.0","00031755","VIOLET GRAIN CO INC","VIOLET GRAIN CO INC","MS.","TRACY","A","WILLIAMS","","TRACY A WILLIAMS","TRACY A WILLIAMS","VIOLET GRAIN COMPANY INC","NUECES"
"0237279","46538.0","00036955","LONE STAR FARMERS COOPERATIVE","LONESTAR COOPERATIVE GIN CO","","CONNIE","","ACEVEDO","","CONNIE  ACEVEDO","CONNIE  ACEVEDO","MERETA","TOM GREEN"
"0237395","46538.0","00299213","WINGATE GIN CORPORATION","WINGATE GIN CORP","","BRENT","J","MIKESKA","","BRENT J MIKESKA","BRENT J MIKESKA","1 WINGATE GIN CORPORATION","RUNNELS"
"0237395","46538.0","00299213","WINGATE GIN CORPORATION","WINGATE GIN CORP","","BRENT","J","MIKESKA","","BRENT J MIKESKA","BRENT J MIKESKA","2 WINGATE GIN CORPORATION","RUNNELS"
"0237610","46538.0","00037096","MYERS GRAIN AND FERTILIZER INC","MYERS GRAIN AND FERTILIZER INC","","ANNELLE","","WELCH","","ANNELLE  WELCH","ANNELLE  WELCH","MYERS GRAIN AND FERTILIZER INC","KNOX"
"0237610","46538.0","00037096","MYERS GRAIN AND FERTILIZER INC","MYERS GRAIN AND FERTILIZER INC","","ANNELLE","","WELCH","","ANNELLE  WELCH","ANNELLE  WELCH","MYERS GRAIN AND FERTILIZER - KNOX CITY","KNOX"
"0237610","46538.0","00037096","MYERS GRAIN AND FERTILIZER INC","MYERS GRAIN AND FERTILIZER INC","","ANNELLE","","WELCH","","ANNELLE  WELCH","ANNELLE  WELCH","MYERS GRAIN AND FERTILIZER - RED SPRINGS","BAYLOR"
"0237610","46538.0","00037096","MYERS GRAIN AND FERTILIZER INC","MYERS GRAIN AND FERTILIZER INC","","ANNELLE","","WELCH","","ANNELLE  WELCH","ANNELLE  WELCH","MYERS GRAIN AND FERTILIZER - CROWELL","FOARD"
"0237610","46538.0","00037096","MYERS GRAIN AND FERTILIZER INC","MYERS GRAIN AND FERTILIZER INC","","ANNELLE","","WELCH","","ANNELLE  WELCH","ANNELLE  WELCH","MYERS GRAIN AND FERTILIZER  - GILLILAND","KNOX"
"0237610","46538.0","00037096","MYERS GRAIN AND FERTILIZER INC","MYERS GRAIN AND FERTILIZER INC","","ANNELLE","","WELCH","","ANNELLE  WELCH","ANNELLE  WELCH","MYERS GRAIN AND FERTILIZER INC BENJAMIN","KNOX"
"0237353","46538.0","00032017","MUENSTER MILLING COMPANY LLC","MUENSTER MILLING CO","","CHAD","","FELDERHOFF","","CHAD  FELDERHOFF","CHAD  FELDERHOFF","MUENSTER MILLING COMPANY LLC","COOKE"
"0237618","46538.0","00032419","JOSEPH TRUCKING INC","WOOD HIGH GRAIN","","RANDY","","CHARBULA","","RANDY  CHARBULA","RANDY  CHARBULA","WOOD HIGH GRAIN","VICTORIA"
"0237636","46538.0","00043327","MID COAST GRAIN CO","MID COAST GRAIN CO","","KENNETH","","CHRISTENSEN","","KENNETH  CHRISTENSEN","KENNETH  CHRISTENSEN","MID COAST GRAIN CO","MATAGORDA"
"0240065","46538.0","00101067","HI STARR GRAIN ELEVATOR CORP","","","MIKE","","HUDSONPILLAR","","MIKE  HUDSONPILLAR","MIKE  HUDSONPILLAR","1 HI STARR GRAIN ELEVATOR CORP","HIDALGO"
"0240065","46538.0","00101067","HI STARR GRAIN ELEVATOR CORP","","","MIKE","","HUDSONPILLAR","","MIKE  HUDSONPILLAR","MIKE  HUDSONPILLAR","2 HI STARR GRAIN ELEVATOR CORP - MCCOOK","HIDALGO"
"0318568","46538.0","00146494","UVALDE COUNTY FARMERS COOPERATIVE","","","CHARLOTTE","A","MUECKE","","CHARLOTTE A MUECKE","CHARLOTTE A MUECKE","1 UVALDE COUNTY FARMERS COOP","UVALDE"
"0318568","46538.0","00146494","UVALDE COUNTY FARMERS COOPERATIVE","","","CHARLOTTE","A","MUECKE","","CHARLOTTE A MUECKE","CHARLOTTE A MUECKE","DD- UVALDE","UVALDE"
"0318568","46538.0","00146494","UVALDE COUNTY FARMERS COOPERATIVE","","","CHARLOTTE","A","MUECKE","","CHARLOTTE A MUECKE","CHARLOTTE A MUECKE","DD- SABINAL","UVALDE"
"0318568","46538.0","00146494","UVALDE COUNTY FARMERS COOPERATIVE","","","CHARLOTTE","A","MUECKE","","CHARLOTTE A MUECKE","CHARLOTTE A MUECKE","BATESVILLE","ZAVALA"
"0318572","46538.0","00046524","WILLIAMSON COUNTY GRAIN INC","WILLIAMSON COUNTY GRAIN INC","","DUSTIN","J","OWEN","","DUSTIN J OWEN","DUSTIN J OWEN","2 WILLIAMSON COUNTY GRAIN, INC.","WILLIAMSON"
"0318572","46538.0","00046524","WILLIAMSON COUNTY GRAIN INC","WILLIAMSON COUNTY GRAIN INC","","DUSTIN","J","OWEN","","DUSTIN J OWEN","DUSTIN J OWEN","1 WILLIAMSON COUNTY GRAIN, INC.","WILLIAMSON"
"0318572","46538.0","00046524","WILLIAMSON COUNTY GRAIN INC","WILLIAMSON COUNTY GRAIN INC","","DUSTIN","J","OWEN","","DUSTIN J OWEN","DUSTIN J OWEN","3 WILLIAMSON COUNTY GRAIN, INC.","BASTROP"
"0318572","46538.0","00046524","WILLIAMSON COUNTY GRAIN INC","WILLIAMSON COUNTY GRAIN INC","","DUSTIN","J","OWEN","","DUSTIN J OWEN","DUSTIN J OWEN","4  WILLIAMSON COUNTY GRAIN, INC.","WILLIAMSON"
"0318578","46538.0","00146452","WILLIAMS GIN AND GRAIN INC","WILLIAMS GIN AND GRAIN INC","","TODD","","MCGRAW","","TODD  MCGRAW","TODD  MCGRAW","1 WILLIAMS GIN & GRAIN, INC.","NAVARRO"
"0318578","46538.0","00146452","WILLIAMS GIN AND GRAIN INC","WILLIAMS GIN AND GRAIN INC","","TODD","","MCGRAW","","TODD  MCGRAW","TODD  MCGRAW","2 WILLIAMS GIN & GRAIN INC","NAVARRO"
"0318578","46538.0","00146452","WILLIAMS GIN AND GRAIN INC","WILLIAMS GIN AND GRAIN INC","","TODD","","MCGRAW","","TODD  MCGRAW","TODD  MCGRAW","3 WILLIAMS GIN & GRAIN, INC.","HILL"
"0318766","46538.0","00146662","FARMERS COOP GIN AND ELEVATOR","FARMERS COOP GIN AND ELEVATOR","","LARRY","","BROWN","","LARRY  BROWN","LARRY  BROWN","1 FARMERS COOPERATIVE GIN & ELEVATOR (VERNON)","WILBARGER"
"0319073","46538.0","00146670","FARMER'S GRAIN COOPERATIVE OF MUNDAY TEXAS","FARMER'S GRAIN COOP OF MUNDAY","","JOSEPH","","PRIBYLA","","JOSEPH  PRIBYLA","JOSEPH  PRIBYLA","1 FARMER'S GRAIN COOPERATIVE OF MUNDAY","KNOX"
"0319171","46538.0","00146850","GRAIN INVESTORS INC","FARMERS ELEVATOR OF HAPPY","","SETH","","BRYAN","","SETH  BRYAN","SETH  BRYAN","1 FARMERS ELEVATOR OF HAPPY","SWISHER"
"0319493","46538.0","00146993","MARTINEK GRAIN AND BINS INC","MARTINEK GRAIN AND BINS INC","MR.","DONNIE","R","MARTINEK","","DONNIE R MARTINEK","DONNIE R MARTINEK","1 MARTINEK GRAIN AND BINS INC","GRAYSON"
"0319493","46538.0","00146993","MARTINEK GRAIN AND BINS INC","MARTINEK GRAIN AND BINS INC","MR.","DONNIE","R","MARTINEK","","DONNIE R MARTINEK","DONNIE R MARTINEK","2 MARTINEK GRAIN & BINS INC (CELINA)","COLLIN"
"0319493","46538.0","00146993","MARTINEK GRAIN AND BINS INC","MARTINEK GRAIN AND BINS INC","MR.","DONNIE","R","MARTINEK","","DONNIE R MARTINEK","DONNIE R MARTINEK","4 MARTINEK GRAIN (WHITEWRIGHT)","GRAYSON"
"0319493","46538.0","00146993","MARTINEK GRAIN AND BINS INC","MARTINEK GRAIN AND BINS INC","MR.","DONNIE","R","MARTINEK","","DONNIE R MARTINEK","DONNIE R MARTINEK","5 MARTINEK GRAIN AND BINS INC GREENVILLE","HUNT"
"0319493","46538.0","00146993","MARTINEK GRAIN AND BINS INC","MARTINEK GRAIN AND BINS INC","MR.","DONNIE","R","MARTINEK","","DONNIE R MARTINEK","DONNIE R MARTINEK","6 MARTINEK GRAIN & BINS INC (ANNEX A)","GRAYSON"
"0319493","46538.0","00146993","MARTINEK GRAIN AND BINS INC","MARTINEK GRAIN AND BINS INC","MR.","DONNIE","R","MARTINEK","","DONNIE R MARTINEK","DONNIE R MARTINEK","7 MARTINEK GRAIN & BINS INC (ANNEX C)","GRAYSON"
"0319636","46538.0","00147092","HONEY GROVE GRAIN AND PEANUT INC","HONEY GROVE GRAIN AND PEANUT INC","","FRED","","FORE","","FRED   FORE","FRED   FORE","1 HONEY GROVE GRAIN & PEANUT INC","FANNIN"
"0319636","46538.0","00147092","HONEY GROVE GRAIN AND PEANUT INC","HONEY GROVE GRAIN AND PEANUT INC","","FRED","","FORE","","FRED   FORE","FRED   FORE","2 HONEY GROVE GRAIN & PEANUT INC","DELTA"
"0320013","46538.0","00147123","ABILENE AG SERVICE AND SUPPLY INC","ABILENE AG SERVICE AND SUPPLY INC","","LANNY","R","VINSON","","LANNY R VINSON","LANNY R VINSON","1 ABILENE AG SERVICE AND SUPPLY INC","TAYLOR"
"0318571","46538.0","00146371","FARMERS COOP GIN OF MALONE","FARMERS COOP GIN OF MALONE","","JOE","","HERD","","JOE  HERD","JOE  HERD","3 FARMERS COOPERATIVE GIN OF MALONE","HILL"
"0319731","46538.0","00356312","D AND M COMMUNITY GRAIN LLC","D AND M COMMUNITY GRAIN LC","","MICHAEL","D","MEYER","","MICHAEL D MEYER","MICHAEL D MEYER","3 D AND M COMMUNITY GRAIN","BELL"
"0319731","46538.0","00356312","D AND M COMMUNITY GRAIN LLC","D AND M COMMUNITY GRAIN LC","","MICHAEL","D","MEYER","","MICHAEL D MEYER","MICHAEL D MEYER","2 D AND M COMMUNITY GRAIN","FALLS"
"0319731","46538.0","00356312","D AND M COMMUNITY GRAIN LLC","D AND M COMMUNITY GRAIN LC","","MICHAEL","D","MEYER","","MICHAEL D MEYER","MICHAEL D MEYER","1 D AND M COMMUNITY GRAIN","BELL"
"0517115","46326.0","00394180","CHAFIN INVESTMENTS LTD","CHAFIN INVESTMENTS","","DAWN","E","COUFAL","","DAWN E COUFAL","DAWN E COUFAL","GRANGER FARM PRODUCTS","WILLIAMSON"
"0517115","46326.0","00394180","CHAFIN INVESTMENTS LTD","CHAFIN INVESTMENTS","","DAWN","E","COUFAL","","DAWN E COUFAL","DAWN E COUFAL","BARTLETT FARM PRODUCTS","BELL"
"0515397","46446.0","00392988","WALTON GRAIN LLC","","","GLORIA","J","WALTON","","GLORIA J WALTON","GLORIA J WALTON","WALTON GRAIN LLC","HILL"
"0497060","46326.0","00380542","POOLE PARTNERS LP","","","KEN","","CANTRELL","","KEN  CANTRELL","KEN  CANTRELL","POOLE PARTNERS LP","DALLAM"
"0622173","46538.0","00472779","TONY'S GRAIN LLC","","","DAMIAN","W","HELLMAN","","DAMIAN W HELLMAN","DAMIAN W HELLMAN","1 TONY'S GRAIN LLC","COOKE"
"0622173","46538.0","00472779","TONY'S GRAIN LLC","","","DAMIAN","W","HELLMAN","","DAMIAN W HELLMAN","DAMIAN W HELLMAN","2 TONY'S GRAIN LLC","COOKE"
"0727396","46418.0","00552200","LIVESTOCK NUTRITION CENTER LLC","","","STACI","L","WILSON","","STACI L WILSON","STACI L WILSON","LIVESTOCK NUTRITION CENTER","LAMAR"
"0738561","46326.0","00553801","REUS GRAIN LP","","","TAMMY","","REUS","","TAMMY  REUS","TAMMY  REUS","REUSE GRAIN","MEDINA"
"0719788","46599.0","00548527","CHAPA QUIROGA LLC","","","JAIME","A","MARTINEZ","","JAIME A MARTINEZ","JAIME A MARTINEZ","3 CHAPA QUIROGA (RAYMONDVILLE)","WILLACY"
"0719788","46599.0","00548527","CHAPA QUIROGA LLC","","","JAIME","A","MARTINEZ","","JAIME A MARTINEZ","JAIME A MARTINEZ","1 CHAPA QUIROGA (PROGRESSO)","HIDALGO"
"0719788","46599.0","00548527","CHAPA QUIROGA LLC","","","JAIME","A","MARTINEZ","","JAIME A MARTINEZ","JAIME A MARTINEZ","2 CHAPA QUIROGA (SAN BENITO)","CAMERON"
"0888805","46599.0","00657752","LONE STAR GRAIN-CHILLICOTHE LLC","","","TY","","SCARMARDO","","TY  SCARMARDO","TY  SCARMARDO","LONE STAR GRAIN CHILLICOTHE","HARDEMAN"
"0996826","46568.0","00723281","LOUIS DREYFUS COMPANY LLC","","","CHRISTINE","K","MCCLOUD","","CHRISTINE K MCCLOUD","CHRISTINE K MCCLOUD","ELM CREEK","RUNNELS"
"0805390","46507.0","00604488","ADJ ACQUISITION LLC","","","ADAM","","FARRELL","","ADAM  FARRELL","ADAM  FARRELL","MUMME'S","MEDINA"
"0805390","46507.0","00604488","ADJ ACQUISITION LLC","","","ADAM","","FARRELL","","ADAM  FARRELL","ADAM  FARRELL","2 ADJ RIO MEDINA","MEDINA"
"0805390","46507.0","00604488","ADJ ACQUISITION LLC","","","ADAM","","FARRELL","","ADAM  FARRELL","ADAM  FARRELL","3 ADJ","UVALDE"
"0837047","46599.0","00626264","R AND R COMMODITIES LLC","R AND R COMMODITIES LLC","","ANGELA","","VIDAL","","ANGELA  VIDAL","ANGELA  VIDAL","1  R AND R COMMODITIES LLC","BEE"
"0837047","46599.0","00626264","R AND R COMMODITIES LLC","R AND R COMMODITIES LLC","","ANGELA","","VIDAL","","ANGELA  VIDAL","ANGELA  VIDAL","2 R AND R COMMODITIES LLC","SAN PATRICIO"
"0974023","46326.0","00710653","ROBERTSON COUNTY GRAIN COMPANY LLC","","","LEON","A","DENENA","","LEON A DENENA","LEON A DENENA","ROBERTSON COUNTY GRAIN COMPANY","ROBERTSON"
"0613707","46418.0","00070226","LUBIANSKI GRAIN COMPANY","LUBIANSKI GRAIN AND STORE","","CRAIG","V","LUBIANSKI","","CRAIG V LUBIANSKI","CRAIG V LUBIANSKI","LUBIANSKI GRAIN WAREHOUSE","BEXAR"
"0237169","46538.0","00070403","SANDERSON GRAIN INC","SANDERSON GRAIN INC","","BRIAN","","SANDERSON","","BRIAN  SANDERSON","BRIAN  SANDERSON","SANDERSON GRAIN INC","LAMB"
"0613428","46507.0","00071113","K AG INC","K AG","","CHARLES","R","KRACKAU","","CHARLES R KRACKAU","CHARLES R KRACKAU","K AG INCORPORATED","GUADALUPE"
"0788607","46568.0","00593369","ELKINS GRAIN LLC","","","WILLIAM","L","ELKINS","","WILLIAM L ELKINS","WILLIAM L ELKINS","1 ELKINS GRAIN","HIDALGO"
"0763829","46446.0","00578184","CHILTON GRAIN COMPANY","","","RYAN","","WHITT","","RYAN  WHITT","RYAN  WHITT","1 CHILTON GRAIN","FALLS"
"0784871","46568.0","00591045","WNGU LLC","","","RODOLFO","","PLASCENCIA RUIZ","","RODOLFO  PLASCENCIA RUIZ","RODOLFO  PLASCENCIA RUIZ","WNGU PROGRESO","HIDALGO"
"0806878","46507.0","00605508","REGAL AG LLC","","","KELLY","L","MCLEMORE","","KELLY L MCLEMORE","KELLY L MCLEMORE","REGAL AG LLC","CAMERON"
"0940536","46295.0","00689424","LONE STAR GRAIN LLC","","","TY","R","SCARMARDO","","TY R SCARMARDO","TY R SCARMARDO","LONE STAR GRAIN HEIDENHEIMER","BELL"
"0940536","46295.0","00689424","LONE STAR GRAIN LLC","","","TY","R","SCARMARDO","","TY R SCARMARDO","TY R SCARMARDO","LONE STAR GRAIN HOLLAND","BELL"
"0940536","46295.0","00689424","LONE STAR GRAIN LLC","","","TY","R","SCARMARDO","","TY R SCARMARDO","TY R SCARMARDO","LONE STAR GRAIN CLAY","BURLESON"
"0934566","46507.0","00683268","WILLAMAR PARTNERS LLC","WILLAMAR COTTON AND GRAIN","","CHRISTOPHER","R","OCONNOR","","CHRISTOPHER R OCONNOR","CHRISTOPHER R OCONNOR","1 WILLAMAR PARTNERS LLC","WILLACY"
"0934566","46507.0","00683268","WILLAMAR PARTNERS LLC","WILLAMAR COTTON AND GRAIN","","CHRISTOPHER","R","OCONNOR","","CHRISTOPHER R OCONNOR","CHRISTOPHER R OCONNOR","2 WILLAMAR PARTNERS LLC","WILLACY"
"0934566","46507.0","00683268","WILLAMAR PARTNERS LLC","WILLAMAR COTTON AND GRAIN","","CHRISTOPHER","R","OCONNOR","","CHRISTOPHER R OCONNOR","CHRISTOPHER R OCONNOR","PROGRESO","HIDALGO"
"0934566","46507.0","00683268","WILLAMAR PARTNERS LLC","WILLAMAR COTTON AND GRAIN","","CHRISTOPHER","R","OCONNOR","","CHRISTOPHER R OCONNOR","CHRISTOPHER R OCONNOR","SAN PERLITA","WILLACY"
"0934566","46507.0","00683268","WILLAMAR PARTNERS LLC","WILLAMAR COTTON AND GRAIN","","CHRISTOPHER","R","OCONNOR","","CHRISTOPHER R OCONNOR","CHRISTOPHER R OCONNOR","RAYMONDVILLE","WILLACY"
"0937113","46538.0","00687175","C E GRAIN LLC","","","STUART","C","ENDER","","STUART  C ENDER","STUART  C ENDER","C E GRAIN LLC","HASKELL"
"0459950","46630.0","00354275","BEN DIETERICH","DIETERICH FARMS","","BEN","A","DIETERICH","JR.","BEN A DIETERICH JR.","BEN A DIETERICH JR.","DIETERICH FARMS","MCLENNAN"
"0237578","46538.0","00069754","THRALL COOP GRAIN CO","THRALL COOP GRAIN CO","","MICHAEL","","SCHWETTMAN","","MICHAEL  SCHWETTMAN","MICHAEL  SCHWETTMAN","THRALL CO OP GRAIN COMPANY","WILLIAMSON"
"0237274","46538.0","00068325","COOPERATIVE GIN COMPANY","COOPERATIVE GIN COMPANY","","KOURTNEY","","LEE","","KOURTNEY  LEE","KOURTNEY  LEE","COOPERATIVE GIN COMPANY","FANNIN"
"0237380","46538.0","00147969","BOMARTON COOP INC","BOMARTON COOP","MR.","GENE","","WHITE","","GENE  WHITE","GENE  WHITE","BOMARTON COOP INC","BAYLOR"
"0237575","46538.0","00068627","GLASSCOCK COUNTY COOP","GLASSCOCK COUNTY COOP","","JACK","C","SHEPARD","","JACK C SHEPARD","JACK C SHEPARD","GLASSCOCK COUNTY COOPERATIVE","GLASSCOCK"
"0237641","46538.0","00073537","THORNDALE COOP GIN AND GRAIN CO","","","ASHLEY","","CANTWELL","","ASHLEY  CANTWELL","ASHLEY  CANTWELL","THORNDALE COOPERATIVE GIN AND GRAIN CO","MILAM"
"0318567","46538.0","00139231","ASSOCIATED COTTON GROWERS INC","ASSOCIATED COTTON GROWERS INC","","PHILLIP","","MANSKE","","PHILLIP  MANSKE","PHILLIP  MANSKE","1 ASSOCIATED COTTON GROWERS INC","CROSBY"
"0318567","46538.0","00139231","ASSOCIATED COTTON GROWERS INC","ASSOCIATED COTTON GROWERS INC","","PHILLIP","","MANSKE","","PHILLIP  MANSKE","PHILLIP  MANSKE","3 ASSOCIATED COTTON GROWERS, INC","CROSBY"
"0318571","46538.0","00146371","FARMERS COOP GIN OF MALONE","FARMERS COOP GIN OF MALONE","","JOE","","HERD","","JOE  HERD","JOE  HERD","1 FARMERS COOPERATIVE GIN OF MALONE","HILL"
"0318571","46538.0","00146371","FARMERS COOP GIN OF MALONE","FARMERS COOP GIN OF MALONE","","JOE","","HERD","","JOE  HERD","JOE  HERD","2 FARMERS COOPERATIVE GIN OF MALONE","HILL"