operator,label,location_id,rows,board_url
"Ag Plus, Inc","Churubusco","20014","6","https://mobile.agplusinc.com/cash/prices.php"
"Ag Plus, Inc","Garrett","85821","6","https://mobile.agplusinc.com/cash/prices.php"
"Ag Plus, Inc","Monroeville","31646","6","https://mobile.agplusinc.com/cash/prices.php"
"Ag Plus, Inc","Raber","20016","6","https://mobile.agplusinc.com/cash/prices.php"
"AgMark LLC.","Asherville","462","12","https://agmarkllc.agricharts.com/markets/cashgrid.php"
"AgMark LLC.","Gretna","54438","12","https://agmarkllc.agricharts.com/markets/cashgrid.php"
"AgMark LLC.","Kensington North","26639","12","https://agmarkllc.agricharts.com/markets/cashgrid.php"
"AgMark LLC.","South Lawrence","37957","12","https://agmarkllc.agricharts.com/markets/cashgrid.php"
"AgMark LLC.","Asherville","462","12","https://agmarkresp.agricharts.com/markets/cashgrid.php"
"AgMark LLC.","Gretna","54438","12","https://agmarkresp.agricharts.com/markets/cashgrid.php"
"AgMark LLC.","Kensington North","26639","12","https://agmarkresp.agricharts.com/markets/cashgrid.php"
"AgMark LLC.","South Lawrence","37957","12","https://agmarkresp.agricharts.com/markets/cashgrid.php"
"AgMark LLC.","Concordia East","445","10","https://agmarkllc.agricharts.com/markets/cashgrid.php"
"AgMark LLC.","Concordia East","445","10","https://agmarkresp.agricharts.com/markets/cashgrid.php"
"AgMark LLC.","4 Corners","54442","9","https://agmarkllc.agricharts.com/markets/cashgrid.php"
"AgMark LLC.","4 Corners","54442","9","https://agmarkresp.agricharts.com/markets/cashgrid.php"
"AgMark LLC.","North Lawrence","37968","1","https://agmarkllc.agricharts.com/markets/cashgrid.php"
"AgMark LLC.","North Lawrence","37968","1","https://agmarkresp.agricharts.com/markets/cashgrid.php"
"Agri-Way Partners, LLC.","ADM Burlington","18596","4","https://www.agriwaypartners.com/markets/cashgrid.php"
"Agri-Way Partners, LLC.","ADM Quincy","18600","3","https://www.agriwaypartners.com/markets/cashgrid.php"
"Agri-Way Partners, LLC.","Wayland","11769","2","https://www.agriwaypartners.com/markets/cashgrid.php"
"Agri-Way Partners, LLC.","Roquette","18597","2","https://www.agriwaypartners.com/markets/cashgrid.php"
"Agri-Way Partners, LLC.","Big River","18598","1","https://www.agriwaypartners.com/markets/cashgrid.php"
"Agri-Way Partners, LLC.","GPC","18599","1","https://www.agriwaypartners.com/markets/cashgrid.php"
"Agri-Way Partners, LLC.","ADM Cedar Rapids","18601","1","https://www.agriwaypartners.com/markets/cashgrid.php"
"AGrowStar","CALHOUN, GA","5219","1","https://agrowstar.agricharts.com/markets/cashgrid.php"
"AGrowStar","CONWAY, SC","10718","1","https://agrowstar.agricharts.com/markets/cashgrid.php"
"AGrowStar","KINGSTREE, SC","10688","1","https://agrowstar.agricharts.com/markets/cashgrid.php"
"AGrowStar","LYNCHBURG, SC","5220","1","https://agrowstar.agricharts.com/markets/cashgrid.php"
"AGrowStar","ROSIER, GA","10690","1","https://agrowstar.agricharts.com/markets/cashgrid.php"
"AGrowStar","SYLVANIA, GA","5218","1","https://agrowstar.agricharts.com/markets/cashgrid.php"
"AGrowStar","WRENS, GA","10689","1","https://agrowstar.agricharts.com/markets/cashgrid.php"
"Agtegra","Pollock","50055","37","https://agtegra.agricharts.com/markets/cashgrid.php"
"Agtegra","Hague","50056","35","https://agtegra.agricharts.com/markets/cashgrid.php"
"Agtegra","Java","50047","35","https://agtegra.agricharts.com/markets/cashgrid.php"
"Agtegra","Lebanon","50061","35","https://agtegra.agricharts.com/markets/cashgrid.php"
"Agtegra","McLaughlin","22657","35","https://agtegra.agricharts.com/markets/cashgrid.php"
"Agtegra","Kennebec","3127","33","https://agtegra.agricharts.com/markets/cashgrid.php"
"Agtegra","Alpena","3124","31","https://agtegra.agricharts.com/markets/cashgrid.php"
"Agtegra","Highmore","3126","31","https://agtegra.agricharts.com/markets/cashgrid.php"
"Agtegra","Huron","3129","31","https://agtegra.agricharts.com/markets/cashgrid.php"
"Agtegra","Yale","3130","31","https://agtegra.agricharts.com/markets/cashgrid.php"
"Agtegra","Willow Lake","3134","23","https://agtegra.agricharts.com/markets/cashgrid.php"
"Agtegra","Wolsey","3123","15","https://agtegra.agricharts.com/markets/cashgrid.php"
"Agtegra","AGP Dawson","57202","7","https://agtegra.agricharts.com/markets/cashgrid.php"
"Anton Coop","Anton Coop","3519","6","https://www.antoncoop.com/markets/cashgrid.php"
"Atkinson Grain & Fertilizer, Inc.","Big River","2799","1","https://atkinsongrain.agricharts.com/markets/cashgrid.php"
"Atkinson Grain & Fertilizer, Inc.","CHS","2798","1","https://atkinsongrain.agricharts.com/markets/cashgrid.php"
"Balk Grain and Trucking, Inc.","CGB-Albany","28616","21","https://mobile.balkgrain.com/cash/prices.php"
"Balk Grain and Trucking, Inc.","ADM Grain/Growmark","31303","6","https://mobile.balkgrain.com/cash/prices.php"
"Baring Elevator","Baring Elevator","37331","27","https://nemofeed.agricharts.com/markets/cashgrid.php"
"Beardsley Equity Coop","Beardsley","79814","9","https://beardsleycoop.agricharts.com/markets/cashgrid.php"
"Beardsley Farmers Elevator Company","(unnamed)","3475","16","https://mobile.beardsleyfe.com/cash/prices.php"
"Bison Coop","Bison","49570","7","https://www.bisoncoop.com/markets/cashgrid.php"
"Bowling Green Farms","Bowling Green","62686","34","https://bowlinggreenfarms.agricharts.com/markets/cashgrid.php"
"Buchheit Agri Division","Biehle","2716","15","https://buchheitagri.agricharts.com/markets/cashgrid.php"
"Buchheit Agri Division","Morehouse","2717","14","https://buchheitagri.agricharts.com/markets/cashgrid.php"
"Buchheit Agri Division","Dudley","54720","13","https://buchheitagri.agricharts.com/markets/cashgrid.php"
"Buchheit Agri Division","Campbell","86486","12","https://buchheitagri.agricharts.com/markets/cashgrid.php"
"Burnett Dairy Cooperative","Burnett Dairy","32733","5","https://burnettdairy.agricharts.com/markets/cashgrid.php"
"Cain Agra","Cain Agra- Lake Village, Arkansas","32080","2","https://cainagra.agricharts.com/markets/cashgrid.php"
"Cameron Grain Corporation","(unnamed)","17121","6","https://mobile.camerongrain.com/cash/prices.php"
"Cash Bid JSI Site - Ag State","A.C.","84205","11","https://agstate.agricharts.com/markets/cashgrid.php"
"Cash Bid JSI Site - Ag State","Alta","25731","11","https://agstate.agricharts.com/markets/cashgrid.php"
"Cash Bid JSI Site - Ag State","Battle Crk","84015","11","https://agstate.agricharts.com/markets/cashgrid.php"
"Cash Bid JSI Site - Ag State","Emmetsburg","84017","11","https://agstate.agricharts.com/markets/cashgrid.php"
"Cash Bid JSI Site - Ag State","Galva","81794","11","https://agstate.agricharts.com/markets/cashgrid.php"
"Cash Bid JSI Site - Ag State","Hartley","25736","11","https://agstate.agricharts.com/markets/cashgrid.php"
"Cash Bid JSI Site - Ag State","Sutherland","25742","11","https://agstate.agricharts.com/markets/cashgrid.php"
"Cash Bid JSI Site - Ag State","Marcus","81802","5","https://agstate.agricharts.com/markets/cashgrid.php"
"Central Farmers Cooperative","Dimock","26060","6","https://cenfarmcoop.agricharts.com/markets/cashgrid.php"
"Central Farmers Cooperative","Springfield","31110","6","https://cenfarmcoop.agricharts.com/markets/cashgrid.php"
"Central Farmers Cooperative","Mt Vernon","86860","6","https://cenfarmcoop.agricharts.com/markets/cashgrid.php"
"Central Farmers Cooperative","Tyndall","31109","5","https://cenfarmcoop.agricharts.com/markets/cashgrid.php"
"Central Valley Ag","81-20","86504","21","https://cvacoop365.agricharts.com/markets/cashgrid.php"
"Central Valley Ag","Hinton","22685","12","https://cvacoop365.agricharts.com/markets/cashgrid.php"
"Central Valley Ag","Laurel","74199","12","https://cvacoop365.agricharts.com/markets/cashgrid.php"
"Central Valley Ag","Oyens","22686","12","https://cvacoop365.agricharts.com/markets/cashgrid.php"
"Central Valley Ag","Ainsworth","74433","8","https://cvacoop365.agricharts.com/markets/cashgrid.php"
"Central Valley Ag","Cargill Albion","82918","8","https://cvacoop365.agricharts.com/markets/cashgrid.php"
"Central Valley Ag","Husker Ag Plainview","85906","8","https://cvacoop365.agricharts.com/markets/cashgrid.php"
"Central Valley Ag","Plymouth Energy-Merrill","83175","8","https://cvacoop365.agricharts.com/markets/cashgrid.php"
"Central Valley Ag","Howells Milling LLC","88247","6","https://cvacoop365.agricharts.com/markets/cashgrid.php"
"Central Valley Ag","Green Plains Central City","85907","6","https://cvacoop365.agricharts.com/markets/cashgrid.php"
"Central Valley Ag","AGP Hastings","13877","6","https://cvacoop365.agricharts.com/markets/cashgrid.php"
"Central Valley Ag","AGP Sergeant Bluff","85911","6","https://cvacoop365.agricharts.com/markets/cashgrid.php"
"Central Valley Ag","Norfolk Crush LLC","85878","6","https://cvacoop365.agricharts.com/markets/cashgrid.php"
"Central Valley Ag","Cargill Sioux City","51220","5","https://cvacoop365.agricharts.com/markets/cashgrid.php"
"Central Valley Ag","MG Waldbaum - Bloomfield","86775","3","https://cvacoop365.agricharts.com/markets/cashgrid.php"
"Central Valley Ag","MG Waldbaum - Wakefield","28840","3","https://cvacoop365.agricharts.com/markets/cashgrid.php"
"Central Valley Ag","Niewohner Feedlot","82110","2","https://cvacoop365.agricharts.com/markets/cashgrid.php"
"Circle J Grain","Circle J Grain","51081","10","https://www.circlejgrain.com/markets/cashgrid.php"
"Coastal Ag Cooperative","Gulf Coast Cooperative","4529","6","https://www.coastalagcoop.com/markets/cashgrid.php"
"CoMark Equity Alliance LLC","BLACKWELL","11108","20","https://ceagrain.agricharts.com/markets/cashgrid.php"
"CoMark Equity Alliance LLC","KILDARE","11109","20","https://ceagrain.agricharts.com/markets/cashgrid.php"
"CoMark Equity Alliance LLC","PONCA CITY","11105","20","https://ceagrain.agricharts.com/markets/cashgrid.php"
"CoMark Equity Alliance LLC","POND CREEK","11087","19","https://ceagrain.agricharts.com/markets/cashgrid.php"
"CoMark Equity Alliance LLC","RENFROW","11104","19","https://ceagrain.agricharts.com/markets/cashgrid.php"
"CoMark Equity Alliance LLC","WAUKOMIS","11097","19","https://ceagrain.agricharts.com/markets/cashgrid.php"
"CoMark Equity Alliance LLC","ALVA A","28438","16","https://ceagrain.agricharts.com/markets/cashgrid.php"
"CoMark Equity Alliance LLC","DACOMA","11076","16","https://ceagrain.agricharts.com/markets/cashgrid.php"
"CoMark Equity Alliance LLC","ANTHONY - SOUTH","87789","14","https://ceagrain.agricharts.com/markets/cashgrid.php"
"CoMark Equity Alliance LLC","BOOKER","74079","14","https://ceagrain.agricharts.com/markets/cashgrid.php"
"CoMark Equity Alliance LLC","CORN","11115","14","https://ceagrain.agricharts.com/markets/cashgrid.php"
"CoMark Equity Alliance LLC","DANBURY ELEVATOR","45012","14","https://ceagrain.agricharts.com/markets/cashgrid.php"
"CoMark Equity Alliance LLC","DARROUZETT TX","10980","14","https://ceagrain.agricharts.com/markets/cashgrid.php"
"CoMark Equity Alliance LLC","DOUGLAS","11113","14","https://ceagrain.agricharts.com/markets/cashgrid.php"
"CoMark Equity Alliance LLC","FARNSWORTH TX","10965","14","https://ceagrain.agricharts.com/markets/cashgrid.php"
"CoMark Equity Alliance LLC","HILLSDALE","11091","14","https://ceagrain.agricharts.com/markets/cashgrid.php"
"CoMark Equity Alliance LLC","HOLT TX","10969","14","https://ceagrain.agricharts.com/markets/cashgrid.php"
"CoMark Equity Alliance LLC","JET","11077","14","https://ceagrain.agricharts.com/markets/cashgrid.php"
"CoMark Equity Alliance LLC","KREMLIN","11090","14","https://ceagrain.agricharts.com/markets/cashgrid.php"
"CoMark Equity Alliance LLC","LAMONT","11103","14","https://ceagrain.agricharts.com/markets/cashgrid.php"
"CoMark Equity Alliance LLC","LIBERAL KS","10971","14","https://ceagrain.agricharts.com/markets/cashgrid.php"
"CoMark Equity Alliance LLC","MANCHESTER","85305","14","https://ceagrain.agricharts.com/markets/cashgrid.php"
"CoMark Equity Alliance LLC","MARLAND","45066","14","https://ceagrain.agricharts.com/markets/cashgrid.php"
"CoMark Equity Alliance LLC","MARSHALL","45067","14","https://ceagrain.agricharts.com/markets/cashgrid.php"
"CoMark Equity Alliance LLC","MCWILLIE","11075","14","https://ceagrain.agricharts.com/markets/cashgrid.php"
"CoMark Equity Alliance LLC","NARDIN","11102","14","https://ceagrain.agricharts.com/markets/cashgrid.php"
"CoMark Equity Alliance LLC","NASH","11086","14","https://ceagrain.agricharts.com/markets/cashgrid.php"
"CoMark Equity Alliance LLC","PERRY","11107","14","https://ceagrain.agricharts.com/markets/cashgrid.php"
"CoMark Equity Alliance LLC","PERRYTON TX","11123","14","https://ceagrain.agricharts.com/markets/cashgrid.php"
"CoMark Equity Alliance LLC","PETERSBURG TX","10981","14","https://ceagrain.agricharts.com/markets/cashgrid.php"
"CoMark Equity Alliance LLC","PRAIRIEOLA KS","10974","14","https://ceagrain.agricharts.com/markets/cashgrid.php"
"CoMark Equity Alliance LLC","SPEARMAN TX","10976","14","https://ceagrain.agricharts.com/markets/cashgrid.php"
"CoMark Equity Alliance LLC","TEXHOMA, TX","64370","14","https://ceagrain.agricharts.com/markets/cashgrid.php"
"CoMark Equity Alliance LLC","TONKAWA","11106","14","https://ceagrain.agricharts.com/markets/cashgrid.php"
"CoMark Equity Alliance LLC","TURPIN OK","10977","14","https://ceagrain.agricharts.com/markets/cashgrid.php"
"CoMark Equity Alliance LLC","WAKA TX","10979","14","https://ceagrain.agricharts.com/markets/cashgrid.php"
"CoMark Equity Alliance LLC","WAKITA","11084","14","https://ceagrain.agricharts.com/markets/cashgrid.php"
"CoMark Equity Alliance LLC","WEATHERFORD","11114","14","https://ceagrain.agricharts.com/markets/cashgrid.php"
"CoMark Equity Alliance LLC","BAKER OK","10961","12","https://ceagrain.agricharts.com/markets/cashgrid.php"
"CoMark Equity Alliance LLC","BRYANS CORNER OK","10963","12","https://ceagrain.agricharts.com/markets/cashgrid.php"
"CoMark Equity Alliance LLC","CONLEY TX","10964","12","https://ceagrain.agricharts.com/markets/cashgrid.php"
"CoMark Equity Alliance LLC","GUYMON, OK","64248","12","https://ceagrain.agricharts.com/markets/cashgrid.php"
"CoMark Equity Alliance LLC","PRINGLEMORSE","25764","12","https://ceagrain.agricharts.com/markets/cashgrid.php"
"CoMark Equity Alliance LLC","SNYDER","11117","12","https://ceagrain.agricharts.com/markets/cashgrid.php"
"CoMark Equity Alliance LLC","STANDARD (ALTUS)","76170","12","https://ceagrain.agricharts.com/markets/cashgrid.php"
"CoMark Equity Alliance LLC","TWICHELL TX","10978","12","https://ceagrain.agricharts.com/markets/cashgrid.php"
"CoMark Equity Alliance LLC","ASHLEY","35946","11","https://ceagrain.agricharts.com/markets/cashgrid.php"
"CoMark Equity Alliance LLC","BUFFALO","28444","11","https://ceagrain.agricharts.com/markets/cashgrid.php"
"CoMark Equity Alliance LLC","GOLTRY","11074","11","https://ceagrain.agricharts.com/markets/cashgrid.php"
"CoMark Equity Alliance LLC","MOORELAND","11080","11","https://ceagrain.agricharts.com/markets/cashgrid.php"
"CoMark Equity Alliance LLC","BRINKMAN","76106","9","https://ceagrain.agricharts.com/markets/cashgrid.php"
"CoMark Equity Alliance LLC","CAPRON","35948","9","https://ceagrain.agricharts.com/markets/cashgrid.php"
"CoMark Equity Alliance LLC","CARTER","76103","9","https://ceagrain.agricharts.com/markets/cashgrid.php"
"CoMark Equity Alliance LLC","CHISHOLM TRAIL TERM","43875","9","https://ceagrain.agricharts.com/markets/cashgrid.php"
"CoMark Equity Alliance LLC","DUKE","76111","9","https://ceagrain.agricharts.com/markets/cashgrid.php"
"CoMark Equity Alliance LLC","FREEDOM","11078","9","https://ceagrain.agricharts.com/markets/cashgrid.php"
"CoMark Equity Alliance LLC","GOTEBO","76104","9","https://ceagrain.agricharts.com/markets/cashgrid.php"
"CoMark Equity Alliance LLC","GRANITE","76108","9","https://ceagrain.agricharts.com/markets/cashgrid.php"
"CoMark Equity Alliance LLC","HUNTOON TX","10970","9","https://ceagrain.agricharts.com/markets/cashgrid.php"
"CoMark Equity Alliance LLC","LEGER (ALTUS)","76171","9","https://ceagrain.agricharts.com/markets/cashgrid.php"
"CoMark Equity Alliance LLC","LONE WOLF","76101","9","https://ceagrain.agricharts.com/markets/cashgrid.php"
"CoMark Equity Alliance LLC","ROOSEVELT","76109","9","https://ceagrain.agricharts.com/markets/cashgrid.php"
"CoMark Equity Alliance LLC","SELMAN","35950","9","https://ceagrain.agricharts.com/markets/cashgrid.php"
"CoMark Equity Alliance LLC","WAYNOKA","11079","9","https://ceagrain.agricharts.com/markets/cashgrid.php"
"CoMark Equity Alliance LLC","EAKLY","11116","8","https://ceagrain.agricharts.com/markets/cashgrid.php"
"CoMark Equity Alliance LLC","MEDFORD","11099","8","https://ceagrain.agricharts.com/markets/cashgrid.php"
"CoMark Equity Alliance LLC","AMORITA","11094","6","https://ceagrain.agricharts.com/markets/cashgrid.php"
"CoMark Equity Alliance LLC","AVARD","35947","6","https://ceagrain.agricharts.com/markets/cashgrid.php"
"CoMark Equity Alliance LLC","GREAT PLAINS COMM","79028","6","https://ceagrain.agricharts.com/markets/cashgrid.php"
"CoMark Equity Alliance LLC","HELENA","11073","6","https://ceagrain.agricharts.com/markets/cashgrid.php"
"CoMark Equity Alliance LLC","HOPETON","35949","6","https://ceagrain.agricharts.com/markets/cashgrid.php"
"CoMark Equity Alliance LLC","ROCKY","86371","6","https://ceagrain.agricharts.com/markets/cashgrid.php"
"CoMark Equity Alliance LLC","SENTINEL","86372","6","https://ceagrain.agricharts.com/markets/cashgrid.php"
"CoMark Equity Alliance LLC","DEER CREEK","11101","4","https://ceagrain.agricharts.com/markets/cashgrid.php"
"CoMark Equity Alliance LLC","CLYDE","11100","3","https://ceagrain.agricharts.com/markets/cashgrid.php"
"CoMark Equity Alliance LLC","CORWIN","45008","3","https://ceagrain.agricharts.com/markets/cashgrid.php"
"CoMark Equity Alliance LLC","HILLSBORO HOOP","82605","3","https://ceagrain.agricharts.com/markets/cashgrid.php"
"Cooperative Farmers Elevator (CFE)","CFE Allendorf","87548","22","https://coopfe.agricharts.com/markets/cashgrid.php"
"Cooperative Farmers Elevator (CFE)","CFE Alvord","87549","22","https://coopfe.agricharts.com/markets/cashgrid.php"
"Cooperative Farmers Elevator (CFE)","CFE Ashton","87550","22","https://coopfe.agricharts.com/markets/cashgrid.php"
"Cooperative Farmers Elevator (CFE)","CFE Bigelow","87551","22","https://coopfe.agricharts.com/markets/cashgrid.php"
"Cooperative Farmers Elevator (CFE)","CFE George","87552","22","https://coopfe.agricharts.com/markets/cashgrid.php"
"Cooperative Farmers Elevator (CFE)","CFE Harris","87553","22","https://coopfe.agricharts.com/markets/cashgrid.php"
"Cooperative Farmers Elevator (CFE)","CFE Hartley","87554","22","https://coopfe.agricharts.com/markets/cashgrid.php"
"Cooperative Farmers Elevator (CFE)","CFE Hawarden","87555","22","https://coopfe.agricharts.com/markets/cashgrid.php"
"Cooperative Farmers Elevator (CFE)","CFE Hudson","87556","22","https://coopfe.agricharts.com/markets/cashgrid.php"
"Cooperative Farmers Elevator (CFE)","CFE Inwood","87557","22","https://coopfe.agricharts.com/markets/cashgrid.php"
"Cooperative Farmers Elevator (CFE)","CFE Lake Park","87559","22","https://coopfe.agricharts.com/markets/cashgrid.php"
"Cooperative Farmers Elevator (CFE)","CFE Larchwood","87558","22","https://coopfe.agricharts.com/markets/cashgrid.php"
"Cooperative Farmers Elevator (CFE)","CFE Ocheyedan","87561","22","https://coopfe.agricharts.com/markets/cashgrid.php"
"Cooperative Farmers Elevator (CFE)","CFE Rock Rapids","87562","22","https://coopfe.agricharts.com/markets/cashgrid.php"
"Cooperative Farmers Elevator (CFE)","CFE Rock Valley","87563","22","https://coopfe.agricharts.com/markets/cashgrid.php"
"Cooperative Farmers Elevator (CFE)","CFE Rushmore","87564","22","https://coopfe.agricharts.com/markets/cashgrid.php"
"Cooperative Farmers Elevator (CFE)","CFE Sibley","87565","22","https://coopfe.agricharts.com/markets/cashgrid.php"
"Cooperative Farmers Elevator (CFE)","CFE Germantown","87566","11","https://coopfe.agricharts.com/markets/cashgrid.php"
"Cooperative Farmers Elevator (CFE)","CFE Lester","87560","11","https://coopfe.agricharts.com/markets/cashgrid.php"
"Cooperative Farmers Elevator (CFE)","CFE George Downtown","88029","10","https://coopfe.agricharts.com/markets/cashgrid.php"
"Cornerstone Ag LLC","Colby","16612","11","https://cornerstone-ag.agricharts.com/markets/cashgrid.php"
"Craig Grain, Co.","(unnamed)","36046","9","https://mobile.craiggrain.com/cash/prices.php"
"Dakota Mill & Grain","Wall","20416","12","https://dakotamill.agricharts.com/markets/cashgrid.php"
"Dakota Mill & Grain","Presho","20414","10","https://dakotamill.agricharts.com/markets/cashgrid.php"
"Dakota Mill & Grain","Rapid City Elevator","20415","10","https://dakotamill.agricharts.com/markets/cashgrid.php"
"Dakota Mill & Grain","Midland","20411","6","https://dakotamill.agricharts.com/markets/cashgrid.php"
"Dakota Mill & Grain","Fort Pierre","20409","6","https://dakotamill.agricharts.com/markets/cashgrid.php"
"Dakota Mill & Grain","Belle Fourche","20408","4","https://dakotamill.agricharts.com/markets/cashgrid.php"
"Dakota Mill & Grain","Philip","20413","2","https://dakotamill.agricharts.com/markets/cashgrid.php"
"Dawson Grain Coop","Dawson Grain Coop-Dawson","1639","4","https://www.dawsongrain.com/markets/cashgrid.php"
"Dawson Grain Coop","AGP Dawson","1939","1","https://www.dawsongrain.com/markets/cashgrid.php"
"DE Bondurant Grain","Ness City","37016","9","https://bondurantgrain.com/markets/cashgrid.php"
"Dixon Elevator","Dixon","86884","27","https://dixonelevator.agricharts.com/markets/cashgrid.php"
"Dixon Elevator","Randolph/Sholes","86885","27","https://dixonelevator.agricharts.com/markets/cashgrid.php"
"Dummer's Grain Service","Dummer's Grain","29357","23","https://dummersgrain.agricharts.com/markets/cashgrid.php"
"Eastland Feed & Grain, Inc","STERLING RAIL","87727","18","https://www.efgi.net/markets/cashgrid.php"
"Eastland Feed & Grain, Inc","Bocker Ruff","87273","13","https://www.efgi.net/markets/cashgrid.php"
"Eastland Feed & Grain, Inc","ADM Cedar Rapids","87266","8","https://www.efgi.net/markets/cashgrid.php"
"Eastland Feed & Grain, Inc","ADM Mendota Rail","87267","8","https://www.efgi.net/markets/cashgrid.php"
"Eastland Feed & Grain, Inc","CHS Rochelle","87280","8","https://www.efgi.net/markets/cashgrid.php"
"Eastland Feed & Grain, Inc","Ingredion Chicago","87281","8","https://www.efgi.net/markets/cashgrid.php"
"Elkhorn Valley Grain","Hadar","47268","4","https://evgrain.agricharts.com/markets/cashgrid.php"
"Elkhorn Valley Grain","Wahoo","52481","4","https://evgrain.agricharts.com/markets/cashgrid.php"
"Elkhorn Valley Grain","Dunbar","84903","4","https://evgrain.agricharts.com/markets/cashgrid.php"
"Estelline Coop Grain","Estelline","2945","6","https://www.estellinegrain.com/markets/cashgrid.php"
"Farmers Co-Op Pilger","Pilger","2663","16","https://www.pilgercoop.com/markets/cashgrid.php"
"Farmers Co-Op Pilger","Winside","2661","16","https://www.pilgercoop.com/markets/cashgrid.php"
"Farmers Co-Op Pilger","Wayne","82766","13","https://www.pilgercoop.com/markets/cashgrid.php"
"Farmers Coop Elevator Rosholt","Farmers Coop Elevator Rosholt","27953","9","https://rosholtelevator.agricharts.com/markets/cashgrid.php"
"Farmers Coop Mill and Elevator","Carnegie","18621","17","https://www.carnegiecoop.com/markets/cashgrid.php"
"Farmers Elevator & Exchange, Inc.","Wapello","82049","12","https://www.farmerseande.com/markets/cashgrid.php"
"Farmers Elevator & Exchange, Inc.","ADM-Burlington","82063","12","https://www.farmerseande.com/markets/cashgrid.php"
"Farmers Elevator & Exchange, Inc.","CGB-Meekers","82064","12","https://www.farmerseande.com/markets/cashgrid.php"
"Farmers Elevator & Exchange, Inc.","GPC","82050","6","https://www.farmerseande.com/markets/cashgrid.php"
"Farmers Elevator & Exchange, Inc.","Big River","82065","6","https://www.farmerseande.com/markets/cashgrid.php"
"Farmers Elevator & Supply Co.","Clinton","80217","3","https://farmerselevatorco.agricharts.com/markets/cashgrid.php"
"Farmward Cooperative","Farmward Cooperative - Clements","87431","22","https://farmward.agricharts.com/markets/cashgrid.php"
"Farmward Cooperative","Farmward Cooperative - Danube East","87424","22","https://farmward.agricharts.com/markets/cashgrid.php"
"Farmward Cooperative","Farmward Cooperative - Olivia","87426","22","https://farmward.agricharts.com/markets/cashgrid.php"
"Farmward Cooperative","Farmward Cooperative - Renville","87423","22","https://farmward.agricharts.com/markets/cashgrid.php"
"Farmward Cooperative","Farmward Cooperative - Sacred Heart","87425","22","https://farmward.agricharts.com/markets/cashgrid.php"
"Farmward Cooperative","Farmward Cooperative - Wood Lake","87427","22","https://farmward.agricharts.com/markets/cashgrid.php"
"Forest Agri Services LTD.","N Lambton On Farm","25322","31","https://mobile.forestagriservices.com/cash/prices.php"
"Forest Agri Services LTD.","Farm Delivered","81607","13","https://mobile.forestagriservices.com/cash/prices.php"
"Forest Agri Services LTD.","Elevator","25321","8","https://mobile.forestagriservices.com/cash/prices.php"
"FS Grain","Fitchmoor","60468","20","https://fsgrain.agricharts.com/markets/cashgrid.php"
"FS Grain","Route 30","60470","20","https://fsgrain.agricharts.com/markets/cashgrid.php"
"FS Grain","Cargill - Spring Valley","76273","20","https://fsgrain.agricharts.com/markets/cashgrid.php"
"FS Grain","Fitchmoor","60468","20","https://northerngrainmarketing.com/markets/cashgrid.php"
"FS Grain","Route 30","60470","20","https://northerngrainmarketing.com/markets/cashgrid.php"
"FS Grain","Cargill - Spring Valley","76273","20","https://northerngrainmarketing.com/markets/cashgrid.php"
"FS Grain","Kentland","30145","18","https://fsgrain.agricharts.com/markets/cashgrid.php"
"FS Grain","Lehigh","76018","18","https://fsgrain.agricharts.com/markets/cashgrid.php"
"FS Grain","Kentland","30145","18","https://northerngrainmarketing.com/markets/cashgrid.php"
"FS Grain","Lehigh","76018","18","https://northerngrainmarketing.com/markets/cashgrid.php"
"FS Grain","ADM - Hennepin","76261","14","https://fsgrain.agricharts.com/markets/cashgrid.php"
"FS Grain","ADM - Morris","76263","14","https://fsgrain.agricharts.com/markets/cashgrid.php"
"FS Grain","ADM - Ottawa","76265","14","https://fsgrain.agricharts.com/markets/cashgrid.php"
"FS Grain","ADM - Hennepin","76261","14","https://northerngrainmarketing.com/markets/cashgrid.php"
"FS Grain","ADM - Morris","76263","14","https://northerngrainmarketing.com/markets/cashgrid.php"
"FS Grain","ADM - Ottawa","76265","14","https://northerngrainmarketing.com/markets/cashgrid.php"
"FS Grain","CHS - Peru","76280","13","https://fsgrain.agricharts.com/markets/cashgrid.php"
"FS Grain","CHS - Peru","76280","13","https://northerngrainmarketing.com/markets/cashgrid.php"
"FS Grain","Lisbon Center","79681","10","https://fsgrain.agricharts.com/markets/cashgrid.php"
"FS Grain","Lisbon Center","79681","10","https://northerngrainmarketing.com/markets/cashgrid.php"
"FS Grain","Bocker Ruff - Polo","76267","8","https://fsgrain.agricharts.com/markets/cashgrid.php"
"FS Grain","CHS - Rochelle","76281","8","https://fsgrain.agricharts.com/markets/cashgrid.php"
"FS Grain","Rock River - Sterling","76287","8","https://fsgrain.agricharts.com/markets/cashgrid.php"
"FS Grain","CHS - Annawan/Patriot","81949","8","https://fsgrain.agricharts.com/markets/cashgrid.php"
"FS Grain","Bocker Ruff - Polo","76267","8","https://northerngrainmarketing.com/markets/cashgrid.php"
"FS Grain","CHS - Rochelle","76281","8","https://northerngrainmarketing.com/markets/cashgrid.php"
"FS Grain","Rock River - Sterling","76287","8","https://northerngrainmarketing.com/markets/cashgrid.php"
"FS Grain","CHS - Annawan/Patriot","81949","8","https://northerngrainmarketing.com/markets/cashgrid.php"
"FS Grain","CGB - Dwight","76274","7","https://fsgrain.agricharts.com/markets/cashgrid.php"
"FS Grain","CGB - Dwight","76274","7","https://northerngrainmarketing.com/markets/cashgrid.php"
"FS Grain","ADM - Northern Crossing","81940","5","https://fsgrain.agricharts.com/markets/cashgrid.php"
"FS Grain","Incobrasa","76282","5","https://fsgrain.agricharts.com/markets/cashgrid.php"
"FS Grain","ADM - Northern Crossing","81940","5","https://northerngrainmarketing.com/markets/cashgrid.php"
"FS Grain","Incobrasa","76282","5","https://northerngrainmarketing.com/markets/cashgrid.php"
"Garden City Coo-op","Ulysses Elevator","62871","16","https://gccoop.agricharts.com/markets/cashgrid.php"
"Garden City Coo-op","Amy Elevator","62851","14","https://gccoop.agricharts.com/markets/cashgrid.php"
"Garden City Coo-op","Garden City Elevator","62859","14","https://gccoop.agricharts.com/markets/cashgrid.php"
"Garden City Coo-op","Deerfield Elevator","62853","13","https://gccoop.agricharts.com/markets/cashgrid.php"
"Garden City Coo-op","Dighton Elevator","62855","13","https://gccoop.agricharts.com/markets/cashgrid.php"
"Garden City Coo-op","Hooker Elevator","83487","13","https://gccoop.agricharts.com/markets/cashgrid.php"
"Garden City Coo-op","Pierceville Elevator","62865","13","https://gccoop.agricharts.com/markets/cashgrid.php"
"Garden City Coo-op","Tennis Elevator","62869","13","https://gccoop.agricharts.com/markets/cashgrid.php"
"Garden City Coo-op","Wolf Elevator","62872","13","https://gccoop.agricharts.com/markets/cashgrid.php"
"Garden City Coo-op","Alamota Elevator","62850","11","https://gccoop.agricharts.com/markets/cashgrid.php"
"Garden City Coo-op","Charleston Elevator","62852","11","https://gccoop.agricharts.com/markets/cashgrid.php"
"Garden City Coo-op","Gano Elevator","62857","11","https://gccoop.agricharts.com/markets/cashgrid.php"
"Garden City Coo-op","Hickok Elevator","62861","11","https://gccoop.agricharts.com/markets/cashgrid.php"
"Garden City Coo-op","Lakin Elevator","62862","11","https://gccoop.agricharts.com/markets/cashgrid.php"
"Garden City Coo-op","Lowe Elevator","62863","11","https://gccoop.agricharts.com/markets/cashgrid.php"
"Garden City Coo-op","Milepost Elevator","62864","11","https://gccoop.agricharts.com/markets/cashgrid.php"
"Garden City Coo-op","Plymell Elevator","62866","11","https://gccoop.agricharts.com/markets/cashgrid.php"
"Garden City Coo-op","Rock Island Elevator","62867","11","https://gccoop.agricharts.com/markets/cashgrid.php"
"Garden City Coo-op","Shields Elevator","62916","11","https://gccoop.agricharts.com/markets/cashgrid.php"
"Garden City Coo-op","Friend Elevator","62856","8","https://gccoop.agricharts.com/markets/cashgrid.php"
"Garden City Coo-op","River Valley","87786","6","https://gccoop.agricharts.com/markets/cashgrid.php"
"Glendenning Grain","STILLMAN VALLEY","57616","6","https://mobile.glendenninggrainandsoil.com/cash/prices.php"
"Global Grain","Ottawa","82719","4","https://globalgrain.agricharts.com/markets/cashgrid.php"
"Golden Triangle Energy","Golden Triangle Energy","36286","10","https://goldentriangleenergy.agricharts.com/markets/cashgrid.php"
"Gowanlea LTD.","Gowanlea Ltd.","19066","5","https://gowanlea.agricharts.com/markets/cashgrid.php"
"H&B Specialties, Inc.","Granite City","3551","10","https://hbspecialties.agricharts.com/markets/cashgrid.php"
"H&B Specialties, Inc.","Cape Girardeau","3552","6","https://hbspecialties.agricharts.com/markets/cashgrid.php"
"Hi-Plains Coop","Brewster","88053","9","https://hi-plainscoop.agricharts.com/markets/cashgrid.php"
"Hi-Plains Coop","Gem/Halford","82056","9","https://hi-plainscoop.agricharts.com/markets/cashgrid.php"
"Hi-Plains Coop","Grainfield/Park","82058","9","https://hi-plainscoop.agricharts.com/markets/cashgrid.php"
"Hi-Plains Coop","Hoxie","82060","9","https://hi-plainscoop.agricharts.com/markets/cashgrid.php"
"Hi-Plains Coop","Selden","82057","9","https://hi-plainscoop.agricharts.com/markets/cashgrid.php"
"Hi-Plains Coop","St. Francis","84144","9","https://hi-plainscoop.agricharts.com/markets/cashgrid.php"
"Hi-Plains Coop","Dresden","82055","8","https://hi-plainscoop.agricharts.com/markets/cashgrid.php"
"Hi-Plains Coop","McDonald","87651","8","https://hi-plainscoop.agricharts.com/markets/cashgrid.php"
"Horse Heaven","(unnamed)","16498","8","https://horseheavengrain.mobile.agricharts.com/cash/prices.php"
"Hoven Equity Exchange","Hoven, SD","83200","11","https://www.hovenequity.com/markets/cashgrid.php"
"Hoven Equity Exchange","CHS Selby - Direct Ship","84862","11","https://www.hovenequity.com/markets/cashgrid.php"
"iframe - Pearl City Elevator, Inc.","Adkins Energy","19876","10","https://pce-coops.agricharts.com/markets/cashgrid.php"
"iframe - Pearl City Elevator, Inc.","Adkins Energy","19876","10","https://pce-coops.agricharts.com/markets/cashgrid.php"
"iframe - Pearl City Elevator, Inc.","Alliance Commodities","77910","4","https://pce-coops.agricharts.com/markets/cashgrid.php"
"iframe - Pearl City Elevator, Inc.","Baileyville","19875","4","https://pce-coops.agricharts.com/markets/cashgrid.php"
"iframe - Pearl City Elevator, Inc.","Pearl City","19874","4","https://pce-coops.agricharts.com/markets/cashgrid.php"
"iframe - Pearl City Elevator, Inc.","Alliance Commodities","77910","4","https://pce-coops.agricharts.com/markets/cashgrid.php"
"iframe - Pearl City Elevator, Inc.","Baileyville","19875","4","https://pce-coops.agricharts.com/markets/cashgrid.php"
"iframe - Pearl City Elevator, Inc.","Pearl City","19874","4","https://pce-coops.agricharts.com/markets/cashgrid.php"
"Innovative Ag Services","Waukon","4658","24","https://innovativeag.agricharts.com/markets/cashgrid.php"
"Innovative Ag Services","ADM CR","22956","12","https://innovativeag.agricharts.com/markets/cashgrid.php"
"Innovative Ag Services","Big River","4685","12","https://innovativeag.agricharts.com/markets/cashgrid.php"
"Innovative Ag Services","Valero","4693","11","https://innovativeag.agricharts.com/markets/cashgrid.php"
"Innovative Ag Services","Bear Rvr M","87656","1","https://innovativeag.agricharts.com/markets/cashgrid.php"
"James Valley Grain, LLC","Verona","45183","22","https://jamesvalleygrain.agricharts.com/markets/cashgrid.php"
"James Valley Grain, LLC","Berlin","45184","22","https://jamesvalleygrain.agricharts.com/markets/cashgrid.php"
"JBS Live Pork","Futures Only","87376","12","https://jbslivepork.agricharts.com/markets/cashgrid.php"
"JBS Live Pork","Oakville, IA Elevator","85067","10","https://jbslivepork.agricharts.com/markets/cashgrid.php"
"JBS Live Pork","Hedrick, IA Feed Mill","73264","9","https://jbslivepork.agricharts.com/markets/cashgrid.php"
"JBS Live Pork","Morning Sun, IA Elevator","85375","7","https://jbslivepork.agricharts.com/markets/cashgrid.php"
"JBS Live Pork","Bushnell, IL Feed Mill","85373","6","https://jbslivepork.agricharts.com/markets/cashgrid.php"
"JBS Live Pork","Richland, IA Elevator","85374","5","https://jbslivepork.agricharts.com/markets/cashgrid.php"
"JBS Live Pork","Mill 240 at Tarkio, MO Feed Mill","73269","2","https://jbslivepork.agricharts.com/markets/cashgrid.php"
"Jersey County Grain","Hardin Elevator","84904","15","https://www.jerseycountygrain.com/markets/cashgrid.php"
"Jersey County Grain","Jerseyville Elevator","84905","7","https://www.jerseycountygrain.com/markets/cashgrid.php"
"Jersey County Grain","St Louis River","84906","3","https://www.jerseycountygrain.com/markets/cashgrid.php"
"JSI Site - Farmers Cooperative","{AGP - Hastings}","4681","6","https://farmersco-operative.agricharts.com/markets/cashgrid.php"
"JSI Site - Farmers Cooperative","{AGP - Hastings}","4681","6","https://farmersco-operative.agricharts.com/markets/cashgrid.php"
"JSI Site - Farmers Cooperative","{AGP - St. Jo}","4682","2","https://farmersco-operative.agricharts.com/markets/cashgrid.php"
"JSI Site - Farmers Cooperative","{AGP - St. Jo}","4682","2","https://farmersco-operative.agricharts.com/markets/cashgrid.php"
"Judge Farms","Judge Farms","16471","3","https://judgefarms.agricharts.com/markets/cashgrid.php"
"KAAPA Ethanol Commodities LLC","KAAPA Partners Aurora, LLC","83493","10","https://kaapagrains.agricharts.com/markets/cashgrid.php"
"KAAPA Ethanol Commodities LLC","KAAPA Ethanol Minden","2893","10","https://kaapagrains.agricharts.com/markets/cashgrid.php"
"KAAPA Ethanol Commodities LLC","KAAPA Ethanol Ravenna","46768","10","https://kaapagrains.agricharts.com/markets/cashgrid.php"
"KAAPA Ethanol Commodities LLC","KAAPA Grains Elm Creek","2894","9","https://kaapagrains.agricharts.com/markets/cashgrid.php"
"Kalmbach Feeds","C&O","88049","12","https://www.kalmbachmarkets.com/markets/cashgrid.php"
"Kalmbach Feeds","Shippensburg","24359","3","https://www.kalmbachmarkets.com/markets/cashgrid.php"
"Keller Grain & Feed Inc.","(unnamed)","16568","10","https://kellergrain.mobile.agricharts.com/cash/prices.php"
"Lang Farms, Ltd.","(unnamed)","28696","11","https://mobile.langfarms.com/cash/prices.php"
"Legacy Coop","Gordon","26468","10","https://legacycoop.agricharts.com/markets/cashgrid.php"
"Legacy Coop","Hemingford","26467","10","https://legacycoop.agricharts.com/markets/cashgrid.php"
"Legacy Coop","Clinton","85428","8","https://legacycoop.agricharts.com/markets/cashgrid.php"
"Legacy Coop","Swett Elevator","75476","8","https://legacycoop.agricharts.com/markets/cashgrid.php"
"Legacy Coop","Chadron","85427","6","https://legacycoop.agricharts.com/markets/cashgrid.php"
"Legacy Coop","Hay Springs","26469","6","https://legacycoop.agricharts.com/markets/cashgrid.php"
"Legacy Coop","Mirage Flats","26470","6","https://legacycoop.agricharts.com/markets/cashgrid.php"
"Legacy Coop","New Alliance","26471","6","https://legacycoop.agricharts.com/markets/cashgrid.php"
"Legacy Coop","West Alliance","85426","6","https://legacycoop.agricharts.com/markets/cashgrid.php"
"Les Young Farms Ltd","Cargill, ON","27623","27","https://lesyoungfarms.agricharts.com/markets/cashgrid.php"
"Lincolnland Agri-Energy, LLC","Lincolnland Agri-Energy","3142","12","https://www.lincolnlandagrienergy.com/markets/cashgrid.php"
"Linear Grain Inc.","Fannystelle","87153","1","https://lineargrain.agricharts.com/markets/cashgrid.php"
"Linear Grain Inc.","Fannystelle","87153","1","https://lineargrain.agricharts.com/markets/cashgrid.php"
"Linn Coop Oil Company","ADM","26274","9","https://linncoop.agricharts.com/markets/cashgrid.php"
"Litchfield Farmers Grain","RiverTerminal - Direct","62957","6","https://www.lfdfarmers.com/markets/cashgrid.php"
"Mercer Landmark","Heartland St Henry","25689","12","https://mercerlandmark.agricharts.com/markets/cashgrid.php"
"Mercer Landmark","Heartland Minster","81827","12","https://mercerlandmark.agricharts.com/markets/cashgrid.php"
"Mercer Landmark","MPS St Henry","72575","6","https://mercerlandmark.agricharts.com/markets/cashgrid.php"
"Mercer Landmark","HTA","82433","6","https://mercerlandmark.agricharts.com/markets/cashgrid.php"
"Mercer Landmark","New Weston","25685","4","https://mercerlandmark.agricharts.com/markets/cashgrid.php"
"Mid-Iowa Cooperative","ADM CEDAR RAPIDS","66521","4","https://midiowa.agricharts.com/markets/cashgrid.php"
"Mid-Iowa Cooperative","EDDY","75700","4","https://midiowa.agricharts.com/markets/cashgrid.php"
"Minnesota Valley Grain","Hanska","87800","12","https://mnvalleygrain.agricharts.com/markets/cashgrid.php"
"Montrose Grain and LLC","Montrose","36052","5","https://montrosegrain.mobile.agricharts.com/cash/prices.php"
"New Vision Co-op","MILOMA","41203","15","https://newvision.agricharts.com/markets/cashgrid.php"
"New Vision Co-op","WORTHINGTON","46897","15","https://newvision.agricharts.com/markets/cashgrid.php"
"New Vision Co-op","MNSP Brewster","84399","1","https://newvision.agricharts.com/markets/cashgrid.php"
"Nutrition Service Co. LLC","Pulaski","37650","8","https://nutritionservice.agricharts.com/markets/cashgrid.php"
"Nutrition Service Co. LLC","Sherwood","84445","7","https://nutritionservice.agricharts.com/markets/cashgrid.php"
"Nutrition Service Co. LLC","Seymour","87812","5","https://nutritionservice.agricharts.com/markets/cashgrid.php"
"Nutrition Service Co. LLC","Coleman","84459","3","https://nutritionservice.agricharts.com/markets/cashgrid.php"
"Offerle","(unnamed)","3327","5","https://offerle.mobile.agricharts.com/cash/prices.php"
"Ontario Commodity Report Site and","Hensall HDC","49080","12","https://fmn1.agricharts.com/markets/cashgrid.php"
"Ontario Commodity Report Site and","Lucknow","49081","11","https://fmn1.agricharts.com/markets/cashgrid.php"
"Ontario Commodity Report Site and","Beeton","85369","9","https://fmn1.agricharts.com/markets/cashgrid.php"
"Ontario Commodity Report Site and","North Gower","2641","9","https://fmn1.agricharts.com/markets/cashgrid.php"
"Ontario Commodity Report Site and","Wyoming","85368","9","https://fmn1.agricharts.com/markets/cashgrid.php"
"Ontario Commodity Report Site and","Belmore","79003","7","https://fmn1.agricharts.com/markets/cashgrid.php"
"Ontario Commodity Report Site and","Cargill ON","24237","7","https://fmn1.agricharts.com/markets/cashgrid.php"
"Ontario Commodity Report Site and","Listowel","77613","7","https://fmn1.agricharts.com/markets/cashgrid.php"
"Ontario Commodity Report Site and","Palmerston","746","7","https://fmn1.agricharts.com/markets/cashgrid.php"
"Ontario Commodity Report Site and","Thornton","731","7","https://fmn1.agricharts.com/markets/cashgrid.php"
"Ontario Commodity Report Site and","Lansdowne","85845","6","https://fmn1.agricharts.com/markets/cashgrid.php"
"Ontario Commodity Report Site and","London","743","6","https://fmn1.agricharts.com/markets/cashgrid.php"
"Ontario Commodity Report Site and","Mitchell GLG","85541","6","https://fmn1.agricharts.com/markets/cashgrid.php"
"Ontario Commodity Report Site and","Oakwood-Sunderland Co-op","87803","6","https://fmn1.agricharts.com/markets/cashgrid.php"
"Ontario Commodity Report Site and","Sunderland","87804","6","https://fmn1.agricharts.com/markets/cashgrid.php"
"Ontario Commodity Report Site and","Thamesville","749","6","https://fmn1.agricharts.com/markets/cashgrid.php"
"Ontario Commodity Report Site and","Tupperville","24094","6","https://fmn1.agricharts.com/markets/cashgrid.php"
"Ontario Commodity Report Site and","Varna","3182","6","https://fmn1.agricharts.com/markets/cashgrid.php"
"Ontario Commodity Report Site and","Blenheim","2510","6","https://fmn1.agricharts.com/markets/cashgrid.php"
"Ontario Commodity Report Site and","Exeter","84972","6","https://fmn1.agricharts.com/markets/cashgrid.php"
"Ontario Commodity Report Site and","Hensall Thompson","49109","6","https://fmn1.agricharts.com/markets/cashgrid.php"
"Ontario Commodity Report Site and","Kent Bridge","2513","6","https://fmn1.agricharts.com/markets/cashgrid.php"
"Ontario Commodity Report Site and","Mitchell Thompsons","50935","6","https://fmn1.agricharts.com/markets/cashgrid.php"
"Ontario Commodity Report Site and","Norwich","745","6","https://fmn1.agricharts.com/markets/cashgrid.php"
"Ontario Commodity Report Site and","Pontypool","6316","6","https://fmn1.agricharts.com/markets/cashgrid.php"
"Ontario Commodity Report Site and","Putnam","24238","6","https://fmn1.agricharts.com/markets/cashgrid.php"
"Ontario Commodity Report Site and","Hensall HDC Soybeans","49097","6","https://fmn1.agricharts.com/markets/cashgrid.php"
"Ontario Commodity Report Site and","Johnstown Ethanol Corn","7568","4","https://fmn1.agricharts.com/markets/cashgrid.php"
"Ontario Commodity Report Site and","Hensall HDC Corn","49053","3","https://fmn1.agricharts.com/markets/cashgrid.php"
"Ontario Commodity Report Site and","London Corn","5252","3","https://fmn1.agricharts.com/markets/cashgrid.php"
"Ontario Commodity Report Site and","Brinston","79461","3","https://fmn1.agricharts.com/markets/cashgrid.php"
"Ontario Commodity Report Site and","Brigden","49105","3","https://fmn1.agricharts.com/markets/cashgrid.php"
"Ontario Commodity Report Site and","Burgessville","736","3","https://fmn1.agricharts.com/markets/cashgrid.php"
"Ontario Commodity Report Site and","Chatham/Oungah","60979","3","https://fmn1.agricharts.com/markets/cashgrid.php"
"Ontario Commodity Report Site and","Delhi","49086","3","https://fmn1.agricharts.com/markets/cashgrid.php"
"Ontario Commodity Report Site and","Dresden","60917","3","https://fmn1.agricharts.com/markets/cashgrid.php"
"Ontario Commodity Report Site and","Essex Cty","23169","3","https://fmn1.agricharts.com/markets/cashgrid.php"
"Ontario Commodity Report Site and","Forest","62195","3","https://fmn1.agricharts.com/markets/cashgrid.php"
"Ontario Commodity Report Site and","Glencoe","49087","3","https://fmn1.agricharts.com/markets/cashgrid.php"
"Ontario Commodity Report Site and","Highgate","24091","3","https://fmn1.agricharts.com/markets/cashgrid.php"
"Ontario Commodity Report Site and","Port Colborne","61000","3","https://fmn1.agricharts.com/markets/cashgrid.php"
"Ontario Commodity Report Site and","Seaforth","24239","3","https://fmn1.agricharts.com/markets/cashgrid.php"
"Ontario Commodity Report Site and","Toledo Elevator","49110","3","https://fmn1.agricharts.com/markets/cashgrid.php"
"Ontario Commodity Report Site and","Alliston Soybeans","4202","3","https://fmn1.agricharts.com/markets/cashgrid.php"
"Ontario Commodity Report Site and","Amberly Soybeans","3410","3","https://fmn1.agricharts.com/markets/cashgrid.php"
"Ontario Commodity Report Site and","Arner Soybeans","4428","3","https://fmn1.agricharts.com/markets/cashgrid.php"
"Ontario Commodity Report Site and","Aylmer Soybeans","3423","3","https://fmn1.agricharts.com/markets/cashgrid.php"
"Ontario Commodity Report Site and","Ayr Soybeans","3381","3","https://fmn1.agricharts.com/markets/cashgrid.php"
"Ontario Commodity Report Site and","Beeton Soybeans","3397","3","https://fmn1.agricharts.com/markets/cashgrid.php"
"Ontario Commodity Report Site and","Belmore Soybeans","79005","3","https://fmn1.agricharts.com/markets/cashgrid.php"
"Ontario Commodity Report Site and","Blenheim Soybeans","3568","3","https://fmn1.agricharts.com/markets/cashgrid.php"
"Ontario Commodity Report Site and","Brantford Soybeans","62204","3","https://fmn1.agricharts.com/markets/cashgrid.php"
"Ontario Commodity Report Site and","Brigden Soybeans","62205","3","https://fmn1.agricharts.com/markets/cashgrid.php"
"Ontario Commodity Report Site and","Brinston Soybeans","3615","3","https://fmn1.agricharts.com/markets/cashgrid.php"
"Ontario Commodity Report Site and","Burford Soybeans","3425","3","https://fmn1.agricharts.com/markets/cashgrid.php"
"Ontario Commodity Report Site and","Burgessville Soybeans","4219","3","https://fmn1.agricharts.com/markets/cashgrid.php"
"Ontario Commodity Report Site and","Cargill ON Soybeans","3415","3","https://fmn1.agricharts.com/markets/cashgrid.php"
"Ontario Commodity Report Site and","Chatham-Kent Avg Soybeans","1975","3","https://fmn1.agricharts.com/markets/cashgrid.php"
"Ontario Commodity Report Site and","Chatham/Oungah Soybeans","60981","3","https://fmn1.agricharts.com/markets/cashgrid.php"
"Ontario Commodity Report Site and","Chesterville Soybeans","3382","3","https://fmn1.agricharts.com/markets/cashgrid.php"
"Ontario Commodity Report Site and","Collingwood Soybeans","3398","3","https://fmn1.agricharts.com/markets/cashgrid.php"
"Ontario Commodity Report Site and","Delhi Soybeans","49094","3","https://fmn1.agricharts.com/markets/cashgrid.php"
"Ontario Commodity Report Site and","Dresden Soybeans","60918","3","https://fmn1.agricharts.com/markets/cashgrid.php"
"Ontario Commodity Report Site and","Essex Cty Soybeans","2720","3","https://fmn1.agricharts.com/markets/cashgrid.php"
"Ontario Commodity Report Site and","Exeter Soybeans","62207","3","https://fmn1.agricharts.com/markets/cashgrid.php"
"Ontario Commodity Report Site and","Forest Soybeans","62197","3","https://fmn1.agricharts.com/markets/cashgrid.php"
"Ontario Commodity Report Site and","Grafton Soybeans","55021","3","https://fmn1.agricharts.com/markets/cashgrid.php"
"Ontario Commodity Report Site and","Grand Valley Soybeans","3399","3","https://fmn1.agricharts.com/markets/cashgrid.php"
"Ontario Commodity Report Site and","Hagersville Soybeans","62201","3","https://fmn1.agricharts.com/markets/cashgrid.php"
"Ontario Commodity Report Site and","Haggerty Soybeans","4205","3","https://fmn1.agricharts.com/markets/cashgrid.php"
"Ontario Commodity Report Site and","Hamilton Transfer Transfer Soybeans","49096","3","https://fmn1.agricharts.com/markets/cashgrid.php"
"Ontario Commodity Report Site and","Hensall Thompson Soybeans","49098","3","https://fmn1.agricharts.com/markets/cashgrid.php"
"Ontario Commodity Report Site and","Kars Soybeans","62199","3","https://fmn1.agricharts.com/markets/cashgrid.php"
"Ontario Commodity Report Site and","Kent Bridge Soybeans","4216","3","https://fmn1.agricharts.com/markets/cashgrid.php"
"Ontario Commodity Report Site and","Lansdowne Soybeans","85847","3","https://fmn1.agricharts.com/markets/cashgrid.php"
"Ontario Commodity Report Site and","Lindsay Soybeans","9022","3","https://fmn1.agricharts.com/markets/cashgrid.php"
"Ontario Commodity Report Site and","Listowel Soybeans","77612","3","https://fmn1.agricharts.com/markets/cashgrid.php"
"Ontario Commodity Report Site and","London Avg Soybeans","1979","3","https://fmn1.agricharts.com/markets/cashgrid.php"
"Ontario Commodity Report Site and","Lucknow Soybeans","49099","3","https://fmn1.agricharts.com/markets/cashgrid.php"
"Ontario Commodity Report Site and","McGregor Soybeans","4207","3","https://fmn1.agricharts.com/markets/cashgrid.php"
"Ontario Commodity Report Site and","Milverton Soybeans","4208","3","https://fmn1.agricharts.com/markets/cashgrid.php"
"Ontario Commodity Report Site and","Mitchell GLG Soybeans","50936","3","https://fmn1.agricharts.com/markets/cashgrid.php"
"Ontario Commodity Report Site and","Mitchell Thompsons Soybeans","50937","3","https://fmn1.agricharts.com/markets/cashgrid.php"
"Ontario Commodity Report Site and","Monkton Soybeans","4213","3","https://fmn1.agricharts.com/markets/cashgrid.php"
"Ontario Commodity Report Site and","North Gower Soybeans","2642","3","https://fmn1.agricharts.com/markets/cashgrid.php"
"Ontario Commodity Report Site and","Norwich Soybeans","4217","3","https://fmn1.agricharts.com/markets/cashgrid.php"
"Ontario Commodity Report Site and","Oakwood-Sunderland Co-op Soybeans","9024","3","https://fmn1.agricharts.com/markets/cashgrid.php"
"Ontario Commodity Report Site and","Palmerston Soybeans","3108","3","https://fmn1.agricharts.com/markets/cashgrid.php"
"Ontario Commodity Report Site and","Park Hill Soybeans","3402","3","https://fmn1.agricharts.com/markets/cashgrid.php"
"Ontario Commodity Report Site and","Pontypool Soybeans","4209","3","https://fmn1.agricharts.com/markets/cashgrid.php"
"Ontario Commodity Report Site and","Port Albert Soybeans","3569","3","https://fmn1.agricharts.com/markets/cashgrid.php"
"Ontario Commodity Report Site and","Port Colborne Transfer Soybeans","61004","3","https://fmn1.agricharts.com/markets/cashgrid.php"
"Ontario Commodity Report Site and","Port Perry Soybeans","8998","3","https://fmn1.agricharts.com/markets/cashgrid.php"
"Ontario Commodity Report Site and","Putnam Soybeans","1986","3","https://fmn1.agricharts.com/markets/cashgrid.php"
"Ontario Commodity Report Site and","Rochester Soybeans","4433","3","https://fmn1.agricharts.com/markets/cashgrid.php"
"Ontario Commodity Report Site and","Seaforth Soybeans","3570","3","https://fmn1.agricharts.com/markets/cashgrid.php"
"Ontario Commodity Report Site and","Straffordville Soybeans","4211","3","https://fmn1.agricharts.com/markets/cashgrid.php"
"Ontario Commodity Report Site and","Sunderland Soybeans","3386","3","https://fmn1.agricharts.com/markets/cashgrid.php"
"Ontario Commodity Report Site and","Tavistock Soybeans","3412","3","https://fmn1.agricharts.com/markets/cashgrid.php"
"Ontario Commodity Report Site and","Thamesville Soybeans","62215","3","https://fmn1.agricharts.com/markets/cashgrid.php"
"Ontario Commodity Report Site and","Thornton Soybeans","1988","3","https://fmn1.agricharts.com/markets/cashgrid.php"
"Ontario Commodity Report Site and","Toledo Elevator Soybeans","49104","3","https://fmn1.agricharts.com/markets/cashgrid.php"
"Ontario Commodity Report Site and","Trenton Soybeans","1991","3","https://fmn1.agricharts.com/markets/cashgrid.php"
"Ontario Commodity Report Site and","Tupperville Soybeans","4437","3","https://fmn1.agricharts.com/markets/cashgrid.php"
"Ontario Commodity Report Site and","Varna Soybeans","3183","3","https://fmn1.agricharts.com/markets/cashgrid.php"
"Ontario Commodity Report Site and","Wheatley Soybeans","4438","3","https://fmn1.agricharts.com/markets/cashgrid.php"
"Ontario Commodity Report Site and","Winchester Soybeans","1992","3","https://fmn1.agricharts.com/markets/cashgrid.php"
"Ontario Commodity Report Site and","Windsor Crusher Soybeans","1994","3","https://fmn1.agricharts.com/markets/cashgrid.php"
"Ontario Commodity Report Site and","Woodstock Soybeans","3403","3","https://fmn1.agricharts.com/markets/cashgrid.php"
"Ontario Commodity Report Site and","Wyoming Soybeans","3416","3","https://fmn1.agricharts.com/markets/cashgrid.php"
"Ontario Commodity Report Site and","Alliston Corn","4189","2","https://fmn1.agricharts.com/markets/cashgrid.php"
"Ontario Commodity Report Site and","Amberly Corn","3407","2","https://fmn1.agricharts.com/markets/cashgrid.php"
"Ontario Commodity Report Site and","Arner Corn","4420","2","https://fmn1.agricharts.com/markets/cashgrid.php"
"Ontario Commodity Report Site and","Aylmer Corn","3422","2","https://fmn1.agricharts.com/markets/cashgrid.php"
"Ontario Commodity Report Site and","Ayr Corn","3370","2","https://fmn1.agricharts.com/markets/cashgrid.php"
"Ontario Commodity Report Site and","Beeton Corn","3388","2","https://fmn1.agricharts.com/markets/cashgrid.php"
"Ontario Commodity Report Site and","Belmore Corn","79004","2","https://fmn1.agricharts.com/markets/cashgrid.php"
"Ontario Commodity Report Site and","Blenheim Corn","3564","2","https://fmn1.agricharts.com/markets/cashgrid.php"
"Ontario Commodity Report Site and","Brantford Corn","62203","2","https://fmn1.agricharts.com/markets/cashgrid.php"
"Ontario Commodity Report Site and","Brigden Corn","49111","2","https://fmn1.agricharts.com/markets/cashgrid.php"
"Ontario Commodity Report Site and","Brinston Corn","3614","2","https://fmn1.agricharts.com/markets/cashgrid.php"
"Ontario Commodity Report Site and","Burford Corn","3424","2","https://fmn1.agricharts.com/markets/cashgrid.php"
"Ontario Commodity Report Site and","Burgessville Corn","4218","2","https://fmn1.agricharts.com/markets/cashgrid.php"
"Ontario Commodity Report Site and","Cargill ON Corn","3413","2","https://fmn1.agricharts.com/markets/cashgrid.php"
"Ontario Commodity Report Site and","Chatham-Kent Avg Corn","1948","2","https://fmn1.agricharts.com/markets/cashgrid.php"
"Ontario Commodity Report Site and","Chatham/Oungah Corn","60980","2","https://fmn1.agricharts.com/markets/cashgrid.php"
"Ontario Commodity Report Site and","Chesterville Corn","3371","2","https://fmn1.agricharts.com/markets/cashgrid.php"
"Ontario Commodity Report Site and","Collingwood Corn","3389","2","https://fmn1.agricharts.com/markets/cashgrid.php"
"Ontario Commodity Report Site and","Dalkeith Corn","85515","2","https://fmn1.agricharts.com/markets/cashgrid.php"
"Ontario Commodity Report Site and","Delhi Corn","49070","2","https://fmn1.agricharts.com/markets/cashgrid.php"
"Ontario Commodity Report Site and","Dresden Corn","60919","2","https://fmn1.agricharts.com/markets/cashgrid.php"
"Ontario Commodity Report Site and","Essex Cty Corn","2719","2","https://fmn1.agricharts.com/markets/cashgrid.php"
"Ontario Commodity Report Site and","Exeter Corn","62206","2","https://fmn1.agricharts.com/markets/cashgrid.php"
"Ontario Commodity Report Site and","Forest Corn","62196","2","https://fmn1.agricharts.com/markets/cashgrid.php"
"Ontario Commodity Report Site and","Grafton Corn","55020","2","https://fmn1.agricharts.com/markets/cashgrid.php"
"Ontario Commodity Report Site and","Grand Valley Corn","3390","2","https://fmn1.agricharts.com/markets/cashgrid.php"
"Ontario Commodity Report Site and","Guelph Corn","3372","2","https://fmn1.agricharts.com/markets/cashgrid.php"
"Ontario Commodity Report Site and","Hagersville Corn","62200","2","https://fmn1.agricharts.com/markets/cashgrid.php"
"Ontario Commodity Report Site and","Haggerty Corn","4192","2","https://fmn1.agricharts.com/markets/cashgrid.php"
"Ontario Commodity Report Site and","Hensall Thompson Corn","49072","2","https://fmn1.agricharts.com/markets/cashgrid.php"
"Ontario Commodity Report Site and","Kars Corn","62198","2","https://fmn1.agricharts.com/markets/cashgrid.php"
"Ontario Commodity Report Site and","Kent Bridge Corn","4214","2","https://fmn1.agricharts.com/markets/cashgrid.php"
"Ontario Commodity Report Site and","Lansdowne Corn","85846","2","https://fmn1.agricharts.com/markets/cashgrid.php"
"Ontario Commodity Report Site and","Lindsay Corn","9016","2","https://fmn1.agricharts.com/markets/cashgrid.php"
"Ontario Commodity Report Site and","Listowel Corn","79011","2","https://fmn1.agricharts.com/markets/cashgrid.php"
"Ontario Commodity Report Site and","London Avg Corn","1953","2","https://fmn1.agricharts.com/markets/cashgrid.php"
"Ontario Commodity Report Site and","Lucknow Corn","49073","2","https://fmn1.agricharts.com/markets/cashgrid.php"
"Ontario Commodity Report Site and","McGregor Corn","4197","2","https://fmn1.agricharts.com/markets/cashgrid.php"
"Ontario Commodity Report Site and","Milverton Corn","4198","2","https://fmn1.agricharts.com/markets/cashgrid.php"
"Ontario Commodity Report Site and","Mitchell GLG Corn","50933","2","https://fmn1.agricharts.com/markets/cashgrid.php"
"Ontario Commodity Report Site and","Mitchell Thompsons Corn","50934","2","https://fmn1.agricharts.com/markets/cashgrid.php"
"Ontario Commodity Report Site and","Monkton Corn","4411","2","https://fmn1.agricharts.com/markets/cashgrid.php"
"Ontario Commodity Report Site and","North Gower Corn","2640","2","https://fmn1.agricharts.com/markets/cashgrid.php"
"Ontario Commodity Report Site and","Norwich Corn","4215","2","https://fmn1.agricharts.com/markets/cashgrid.php"
"Ontario Commodity Report Site and","Oakwood-Sunderland Co-op Corn","9018","2","https://fmn1.agricharts.com/markets/cashgrid.php"
"Ontario Commodity Report Site and","Palmerston Corn","3107","2","https://fmn1.agricharts.com/markets/cashgrid.php"
"Ontario Commodity Report Site and","Pontypool Corn","4199","2","https://fmn1.agricharts.com/markets/cashgrid.php"
"Ontario Commodity Report Site and","Port Albert Corn","3565","2","https://fmn1.agricharts.com/markets/cashgrid.php"
"Ontario Commodity Report Site and","Port Colborne Transfer Corn","61006","2","https://fmn1.agricharts.com/markets/cashgrid.php"
"Ontario Commodity Report Site and","Port Perry Corn","8997","2","https://fmn1.agricharts.com/markets/cashgrid.php"
"Ontario Commodity Report Site and","Prescott Transfer Corn","64539","2","https://fmn1.agricharts.com/markets/cashgrid.php"
"Ontario Commodity Report Site and","Putnam Corn","1958","2","https://fmn1.agricharts.com/markets/cashgrid.php"
"Ontario Commodity Report Site and","Rochester Corn","4425","2","https://fmn1.agricharts.com/markets/cashgrid.php"
"Ontario Commodity Report Site and","Seaforth Corn","3566","2","https://fmn1.agricharts.com/markets/cashgrid.php"
"Ontario Commodity Report Site and","Straffordville Corn","4201","2","https://fmn1.agricharts.com/markets/cashgrid.php"
"Ontario Commodity Report Site and","Sunderland Corn","3375","2","https://fmn1.agricharts.com/markets/cashgrid.php"
"Ontario Commodity Report Site and","Tavistock Corn","3409","2","https://fmn1.agricharts.com/markets/cashgrid.php"
"Ontario Commodity Report Site and","Thamesville Corn","62214","2","https://fmn1.agricharts.com/markets/cashgrid.php"
"Ontario Commodity Report Site and","Thornton Corn","1961","2","https://fmn1.agricharts.com/markets/cashgrid.php"
"Ontario Commodity Report Site and","Toledo Elevator Corn","49078","2","https://fmn1.agricharts.com/markets/cashgrid.php"
"Ontario Commodity Report Site and","Trenton Corn","1964","2","https://fmn1.agricharts.com/markets/cashgrid.php"
"Ontario Commodity Report Site and","Tupperville Corn","4436","2","https://fmn1.agricharts.com/markets/cashgrid.php"
"Ontario Commodity Report Site and","Vankleek Hill Corn","73813","2","https://fmn1.agricharts.com/markets/cashgrid.php"
"Ontario Commodity Report Site and","Varna Corn","3181","2","https://fmn1.agricharts.com/markets/cashgrid.php"
"Ontario Commodity Report Site and","Winchester Corn","1965","2","https://fmn1.agricharts.com/markets/cashgrid.php"
"Ontario Commodity Report Site and","Windsor Corn","83092","2","https://fmn1.agricharts.com/markets/cashgrid.php"
"Ontario Commodity Report Site and","Woodstock Corn","3394","2","https://fmn1.agricharts.com/markets/cashgrid.php"
"Ontario Commodity Report Site and","Wyoming Corn","3414","2","https://fmn1.agricharts.com/markets/cashgrid.php"
"Ontario Commodity Report Site and","Dalkeith","85517","2","https://fmn1.agricharts.com/markets/cashgrid.php"
"Ontario Commodity Report Site and","Brantford","62202","2","https://fmn1.agricharts.com/markets/cashgrid.php"
"Ontario Commodity Report Site and","Monkton","77735","2","https://fmn1.agricharts.com/markets/cashgrid.php"
"Ontario Commodity Report Site and","Trenton","734","2","https://fmn1.agricharts.com/markets/cashgrid.php"
"Ontario Commodity Report Site and","Windsor","82900","2","https://fmn1.agricharts.com/markets/cashgrid.php"
"Ontario Commodity Report Site and","Huron FOB Corn","2312","1","https://fmn1.agricharts.com/markets/cashgrid.php"
"Ontario Commodity Report Site and","Ingredion Cardinal Corn","4193","1","https://fmn1.agricharts.com/markets/cashgrid.php"
"Ontario Commodity Report Site and","Kent FOB Corn","2313","1","https://fmn1.agricharts.com/markets/cashgrid.php"
"Ontario Commodity Report Site and","Lamb FOB Corn","2314","1","https://fmn1.agricharts.com/markets/cashgrid.php"
"Ontario Commodity Report Site and","Quebec FOB Corn","8581","1","https://fmn1.agricharts.com/markets/cashgrid.php"
"Ontario Commodity Report Site and","US Rep Corn","2317","1","https://fmn1.agricharts.com/markets/cashgrid.php"
"Ontario Commodity Report Site and","W O Feed Corn","2319","1","https://fmn1.agricharts.com/markets/cashgrid.php"
"Ontario Commodity Report Site and","Dalkeith Soybeans","85516","1","https://fmn1.agricharts.com/markets/cashgrid.php"
"Ontario Commodity Report Site and","Guelph Soybeans","3383","1","https://fmn1.agricharts.com/markets/cashgrid.php"
"Ontario Commodity Report Site and","Huron FOB Soybeans","2320","1","https://fmn1.agricharts.com/markets/cashgrid.php"
"Ontario Commodity Report Site and","Kent FOB Soybeans","2321","1","https://fmn1.agricharts.com/markets/cashgrid.php"
"Ontario Commodity Report Site and","Lamb FOB Soybeans","2322","1","https://fmn1.agricharts.com/markets/cashgrid.php"
"Ontario Commodity Report Site and","London Soybeans","5254","1","https://fmn1.agricharts.com/markets/cashgrid.php"
"Ontario Commodity Report Site and","Mdsx FOB Soybeans","2323","1","https://fmn1.agricharts.com/markets/cashgrid.php"
"Ontario Commodity Report Site and","Prescott Transfer Soybeans","27183","1","https://fmn1.agricharts.com/markets/cashgrid.php"
"Ontario Commodity Report Site and","Vankleek Hill Soybeans","73814","1","https://fmn1.agricharts.com/markets/cashgrid.php"
"Ontario Commodity Report Site and","Hensall HDC Oats","47078","1","https://fmn1.agricharts.com/markets/cashgrid.php"
"Ontario Commodity Report Site and","Sunderland Oats","28577","1","https://fmn1.agricharts.com/markets/cashgrid.php"
"Ontario Commodity Report Site and","Hensall HDC Barley","47077","1","https://fmn1.agricharts.com/markets/cashgrid.php"
"Ontario Commodity Report Site and","Sunderland Barley","28575","1","https://fmn1.agricharts.com/markets/cashgrid.php"
"Peterson Grain Company, Inc.","Peterson Grain Company, Inc.","71648","11","https://petersongrainco.agricharts.com/markets/cashgrid.php"
"Prairie Ag Partners","Lake Preston","64570","15","https://prairieagpartners.agricharts.com/markets/cashgrid.php"
"Prairie Ag Partners","Bancroft","64578","15","https://prairieagpartners.agricharts.com/markets/cashgrid.php"
"Prairie Ag Partners","Arlington","64574","9","https://prairieagpartners.agricharts.com/markets/cashgrid.php"
"Prairie Ag Partners","Badger","64576","9","https://prairieagpartners.agricharts.com/markets/cashgrid.php"
"Prairie Ag Partners","Carthage","64581","9","https://prairieagpartners.agricharts.com/markets/cashgrid.php"
"Primient Grain","Loudon","46731","6","https://primientgrain.agricharts.com/markets/cashgrid.php"
"Pro Ag Farmers Coop","Brandon","18334","10","https://proagfarmers.mobile.agricharts.com/cash/prices.php"
"Pro Ag Farmers Coop","EAGLE BEND / EAGLE BEND WEST","18338","9","https://proagfarmers.mobile.agricharts.com/cash/prices.php"
"Pro Ag Farmers Coop","GARFIELD","87600","9","https://proagfarmers.mobile.agricharts.com/cash/prices.php"
"Pro Ag Farmers Coop","Hoffman","49178","9","https://proagfarmers.mobile.agricharts.com/cash/prices.php"
"Pro Ag Farmers Coop","PARKERS PRAIRIE","18337","9","https://proagfarmers.mobile.agricharts.com/cash/prices.php"
"Pro Ag Farmers Coop","CLARISSA","18336","1","https://proagfarmers.mobile.agricharts.com/cash/prices.php"
"Pro Cooperative","BRADGATE.IA","21298","13","https://procooperative.mobile.agricharts.com/cash/prices.php"
"Pro Cooperative","GILMORE CITY.IA","21299","13","https://procooperative.mobile.agricharts.com/cash/prices.php"
"Pro Cooperative","GRAETTINGER.IA","21300","13","https://procooperative.mobile.agricharts.com/cash/prices.php"
"Pro Cooperative","HAVELOCK.IA","21301","13","https://procooperative.mobile.agricharts.com/cash/prices.php"
"Pro Cooperative","PLOVER.IA","21305","13","https://procooperative.mobile.agricharts.com/cash/prices.php"
"Pro Cooperative","POCAHONTAS.IA","21306","13","https://procooperative.mobile.agricharts.com/cash/prices.php"
"Pro Cooperative","ROLFE.IA","21307","13","https://procooperative.mobile.agricharts.com/cash/prices.php"
"Pro Cooperative","RUTHVEN.IA","21308","13","https://procooperative.mobile.agricharts.com/cash/prices.php"
"Pro Cooperative","RUTLAND.IA","21309","13","https://procooperative.mobile.agricharts.com/cash/prices.php"
"Pro Cooperative","TERRIL.IA","21310","13","https://procooperative.mobile.agricharts.com/cash/prices.php"
"Pro Cooperative","WALLINGFORD.IA","21942","13","https://procooperative.mobile.agricharts.com/cash/prices.php"
"Pro Cooperative","AYRSHIRE.IA","21297","7","https://procooperative.mobile.agricharts.com/cash/prices.php"
"Pro Cooperative","AGP- EMMETSBURG","74325","6","https://procooperative.mobile.agricharts.com/cash/prices.php"
"Remsen Farmers Coop","(unnamed)","3745","3","https://remsencoop.mobile.agricharts.com/cash/prices.php"
"Rolling Acres Grain- Canada","Rolling Acres","18213","25","https://rollingacresgrain.agricharts.com/markets/cashgrid.php"
"Rolling Acres Grain- Canada","Rolling Acres","18213","25","https://rollingacresgrain.agricharts.com/markets/cashgrid.php"
"Roth Grains","Montrose Grain and Supply","85474","5","https://www.rothgrain.com/markets/cashgrid.php"
"Roth Grains","Roth Grains-Harrisonville","27510","5","https://www.rothgrain.com/markets/cashgrid.php"
"Roth Grains","Roth Grains-Pleasant Hill","85473","5","https://www.rothgrain.com/markets/cashgrid.php"
"Roth Grains","Roth Grains-Centerview","82763","3","https://www.rothgrain.com/markets/cashgrid.php"
"Roth Grains","Roth Grains-Urich","55456","3","https://www.rothgrain.com/markets/cashgrid.php"
"Scott Coop","Scott City","18852","13","https://scottcoop.agricharts.com/markets/cashgrid.php"
"Scott Coop","Marienthal Grain","84557","13","https://scottcoop.agricharts.com/markets/cashgrid.php"
"Scott Coop","Grigston Elevator","84556","12","https://scottcoop.agricharts.com/markets/cashgrid.php"
"Scott Coop","Pence Elevator","84558","12","https://scottcoop.agricharts.com/markets/cashgrid.php"
"Scott Coop","Modoc Grain","84555","10","https://scottcoop.agricharts.com/markets/cashgrid.php"
"Scott Coop","Selkirk Grain","84559","10","https://scottcoop.agricharts.com/markets/cashgrid.php"
"Scott Coop","Shallow Water","84560","10","https://scottcoop.agricharts.com/markets/cashgrid.php"
"Scott Coop","Manning Elevator","84561","10","https://scottcoop.agricharts.com/markets/cashgrid.php"
"Scott Coop","Oakley Elevator","88044","7","https://scottcoop.agricharts.com/markets/cashgrid.php"
"Scott Coop","Monument Elevator","88045","6","https://scottcoop.agricharts.com/markets/cashgrid.php"
"Scott Coop","Winona Elevator","88046","6","https://scottcoop.agricharts.com/markets/cashgrid.php"
"Seibert Equity Co-op","Seibert Equity Coop","21892","11","https://seibertequity.agricharts.com/markets/cashgrid.php"
"Starke County Co-op","Hamlet","20011","6","https://starkecountycoop.agricharts.com/markets/cashgrid.php"
"Starke County Co-op","Brems","20012","4","https://starkecountycoop.agricharts.com/markets/cashgrid.php"
"Stickney Coop Elevator","Stickney Elevator","3045","8","https://www.stickneyelevator.com/markets/cashgrid.php"
"Stone Station Elevator","Stone Station Elevator","16333","9","https://www.stonestationelevator.com/markets/cashgrid.php"
"Stoneybrook Elevators","(unnamed)","31035","7","https://mobile.stoneybrookelevators.ca/cash/prices.php"
"Stratton Equity Coop","Burlington","21549","25","https://strattoncoop.agricharts.com/markets/cashgrid.php"
"Stratton Equity Coop","Stratton","21547","22","https://strattoncoop.agricharts.com/markets/cashgrid.php"
"Stratton Equity Coop","Kirk","21548","22","https://strattoncoop.agricharts.com/markets/cashgrid.php"
"Strauss Feedmill","Strauss","28581","5","https://mobile.straussfeedmill.com/cash/prices.php"
"Tama Benton Cooperative","DS-Starch","3138","4","https://tamabentoncoop.agricharts.com/markets/cashgrid.php"
"Tama Benton Cooperative","DS-ADM","3077","4","https://tamabentoncoop.agricharts.com/markets/cashgrid.php"
"Tettens Grain","Tettens - Galt","82106","6","https://tettensgrain.agricharts.com/markets/cashgrid.php"
"Tettens Grain","Tettens - Dixon","82107","6","https://tettensgrain.agricharts.com/markets/cashgrid.php"
"Tettens Grain","Tettens - Milledgeville","82108","6","https://tettensgrain.agricharts.com/markets/cashgrid.php"
"Tettens Grain","Bocker Ruff","82294","4","https://tettensgrain.agricharts.com/markets/cashgrid.php"
"Tettens Grain","RR-Sterling Rail","82295","4","https://tettensgrain.agricharts.com/markets/cashgrid.php"
"Tettens Grain","FS Grain-Harmon","82296","4","https://tettensgrain.agricharts.com/markets/cashgrid.php"
"Tettens Grain","Maplehurst-Amboy","82297","3","https://tettensgrain.agricharts.com/markets/cashgrid.php"
"Tettens Grain","CHS-Rochelle","82300","3","https://tettensgrain.agricharts.com/markets/cashgrid.php"
"Tettens Grain","Bartlett-Sheffield","88050","3","https://tettensgrain.agricharts.com/markets/cashgrid.php"
"Tettens Grain","CHS-Annawan","82299","2","https://tettensgrain.agricharts.com/markets/cashgrid.php"
"The Equity","Snyder","85511","6","https://theequity.agricharts.com/markets/cashgrid.php"
"Triple-M-Farms","Triple-M-Farms","16320","2","https://triplemfarms.agricharts.com/markets/cashgrid.php"
"Valley View Milling - Responsive","Valley View Milling","35580","7","https://www.valleyviewmilling.com/markets/cashgrid.php"
"Walters Co-op Elevator Assn","Walters Co-op Elev. Assn","56976","2","https://www.walterscoop.com/markets/cashgrid.php"
"Waukon Feed Ranch","Waukon","15375","6","https://waukonfeedranch.agricharts.com/markets/cashgrid.php"
"WF Ware Company, Inc.","WF Ware Company, Inc.","51362","7","https://wfware.agricharts.com/markets/cashgrid.php"
"Wheatfield Grain","Paw Paw","84201","26","https://wheatfieldgrain.mobile.agricharts.com/cash/prices.php"
"Wheaton Dumont","Rutland, ND","23082","12","https://mobile.wdcoop.com/cash/prices.php"
"Wheaton Dumont","Graceville/Tenney","86808","10","https://mobile.wdcoop.com/cash/prices.php"
"Wheaton Dumont","Wheaton/Dumont/Browns Valley/LaMars/Hankinson/Mantador/Sisseton","19518","10","https://mobile.wdcoop.com/cash/prices.php"
"Wheaton Dumont","Wheaton/Dumont/Tenney/LaMars/Hankinson/Mantador","25256","4","https://mobile.wdcoop.com/cash/prices.php"
"Wheaton Dumont","Browns Valley/Sisseton, SD","25255","4","https://mobile.wdcoop.com/cash/prices.php"
"Wheaton Dumont","AGP DLVD DAWSON, MN","64334","1","https://mobile.wdcoop.com/cash/prices.php"
"zFarmers Cooperative Elevator Co.OLD","Minnesota Falls","31345","18","https://farmerscoopelevator.agricharts.com/markets/cashgrid.php"
"zFarmers Cooperative Elevator Co.OLD","Taunton","20348","18","https://farmerscoopelevator.agricharts.com/markets/cashgrid.php"
"zFarmers Cooperative Elevator Co.OLD","Hanley Falls","20345","16","https://farmerscoopelevator.agricharts.com/markets/cashgrid.php"
"zFarmers Cooperative Elevator Co.OLD","Cottonwood","20341","16","https://farmerscoopelevator.agricharts.com/markets/cashgrid.php"
"zFarmers Cooperative Elevator Co.OLD","Echo","20344","16","https://farmerscoopelevator.agricharts.com/markets/cashgrid.php"
"zFarmers Cooperative Elevator Co.OLD","Montevideo","21874","16","https://farmerscoopelevator.agricharts.com/markets/cashgrid.php"
"zFarmers Cooperative Elevator Co.OLD","Minneota","20343","16","https://farmerscoopelevator.agricharts.com/markets/cashgrid.php"
"zFarmers Cooperative Elevator Co.OLD","ADM, Marshall","85871","8","https://farmerscoopelevator.agricharts.com/markets/cashgrid.php"
"zFarmers Cooperative Elevator Co.OLD","Granite Falls Energy","85872","8","https://farmerscoopelevator.agricharts.com/markets/cashgrid.php"
"zFarmers Cooperative Elevator Co.OLD","AGP, Dawson","85873","3","https://farmerscoopelevator.agricharts.com/markets/cashgrid.php"
"zFarmers Cooperative Elevator Co.OLD","MN Soy, Brewster","85875","3","https://farmerscoopelevator.agricharts.com/markets/cashgrid.php"
"zFarmers Cooperative Elevator Co.OLD","ADM, Mankato","86121","3","https://farmerscoopelevator.agricharts.com/markets/cashgrid.php"
"zFinley Farmers Grain & Elevator","Finley, ND","36479","21","https://finleyfarmerselevator.agricharts.com/markets/cashgrid.php"
"zFinley Farmers Grain & Elevator","Cooperstown, ND","36480","21","https://finleyfarmerselevator.agricharts.com/markets/cashgrid.php"
"zFosston Tri-Coop2017","Fosston","73579","12","https://fosstonelevator.agricharts.com/markets/cashgrid.php"
"zGanaraska Grain OLD","Ganaraska Grain","16616","15","https://ganaraskagrain.agricharts.com/markets/cashgrid.php"
"zPCE Producers Coop Elevator","Floydada","3549","4","https://pcefloydada.agricharts.com/markets/cashgrid.php"
"zShawnee Feed Old","Pocasset","87805","8","https://shawneefeed.agricharts.com/markets/cashgrid.php"
"zShawnee Feed Old","Shawnee","53376","8","https://shawneefeed.agricharts.com/markets/cashgrid.php"
"zShawnee Feed Old","Cashion","53379","5","https://shawneefeed.agricharts.com/markets/cashgrid.php"
"zShawnee Feed Old","Minco","53377","2","https://shawneefeed.agricharts.com/markets/cashgrid.php"
"zShawnee Feed Old","Okarche/Kingfisher","53378","2","https://shawneefeed.agricharts.com/markets/cashgrid.php"
"zWest-Con","APPLETON","1635","20","https://west-con.agricharts.com/markets/cashgrid.php"
"zWest-Con","MILBANK","1632","18","https://west-con.agricharts.com/markets/cashgrid.php"
"zWest-Con","HOLLOWAY","1631","14","https://west-con.agricharts.com/markets/cashgrid.php"
"zWest-Con","DLVD AGP DAWSON","1634","5","https://west-con.agricharts.com/markets/cashgrid.php"
