operator,location,state,copies,id,host,platform,enabled,has_phone,has_coord,suggestion
"CHS HIGH PLAINS","HOLYOKE","CO","3","chshighplains-holyoke","api.bushelpowered.com","bushel","true","no","yes","cannot tell these apart — look"
"CHS HIGH PLAINS","HOLYOKE","CO","3","chshighplains-holyokeshuttle","api.bushelpowered.com","bushel","true","no","yes","cannot tell these apart — look"
"CHS HIGH PLAINS","HOLYOKE","CO","3","chshighplains-stateline","api.bushelpowered.com","bushel","true","no","yes","cannot tell these apart — look"
"AGMARK LLC.","BELOIT","KS","2","agmarkllc-beloit","agmarkllc.agricharts.com","agricharts-cashgrid","true","no","yes","cannot tell these apart — look"
"AGMARK LLC.","BELOIT","KS","2","agmarkresp-beloit","agmarkresp.agricharts.com","agricharts-cashgrid","true","no","yes","cannot tell these apart — look"
"AGMARK LLC.","BURLINGAME","KS","2","agmarkllc-burlingame","www.agmarkllc.com","agricharts-cashgrid","true","yes","no","the other one looks better"
"AGMARK LLC.","BURLINGAME","KS","2","agmarkresp-burlingame","agmarkresp.agricharts.com","agricharts-cashgrid","true","yes","no","KEEP"
"AGMARK LLC.","CLAY CENTER","KS","2","agmarkllc-claycenter","www.agmarkllc.com","agricharts-cashgrid","true","yes","no","the other one looks better"
"AGMARK LLC.","CLAY CENTER","KS","2","agmarkresp-claycenter","agmarkresp.agricharts.com","agricharts-cashgrid","true","yes","no","KEEP"
"AGMARK LLC.","CLIFTON","KS","2","agmarkllc-clifton","www.agmarkllc.com","agricharts-cashgrid","true","yes","no","the other one looks better"
"AGMARK LLC.","CLIFTON","KS","2","agmarkresp-clifton","agmarkresp.agricharts.com","agricharts-cashgrid","true","yes","no","KEEP"
"AGMARK LLC.","CLYDE","KS","2","agmarkllc-clyde","www.agmarkllc.com","agricharts-cashgrid","true","yes","no","the other one looks better"
"AGMARK LLC.","CLYDE","KS","2","agmarkresp-clyde","agmarkresp.agricharts.com","agricharts-cashgrid","true","yes","no","KEEP"
"AGMARK LLC.","GAYLORD","MN","2","agmarkllc-gaylord","www.agmarkllc.com","agricharts-cashgrid","true","no","yes","the other one looks better"
"AGMARK LLC.","GAYLORD","MN","2","agmarkresp-gaylord","agmarkresp.agricharts.com","agricharts-cashgrid","true","no","yes","KEEP"
"AGMARK LLC.","GREENLEAF","KS","2","agmarkllc-greenleaf","www.agmarkllc.com","agricharts-cashgrid","true","yes","no","the other one looks better"
"AGMARK LLC.","GREENLEAF","KS","2","agmarkresp-greenleaf","agmarkresp.agricharts.com","agricharts-cashgrid","true","yes","no","KEEP"
"AGMARK LLC.","HOLTON","KS","2","agmarkllc-holton","www.agmarkllc.com","agricharts-cashgrid","true","no","no","the other one looks better"
"AGMARK LLC.","HOLTON","KS","2","agmarkresp-holton","agmarkresp.agricharts.com","agricharts-cashgrid","true","no","no","KEEP"
"AGMARK LLC.","JUNCTION","KS","2","agmarkllc-junction","www.agmarkllc.com","agricharts-cashgrid","true","yes","no","the other one looks better"
"AGMARK LLC.","JUNCTION","KS","2","agmarkresp-junction","agmarkresp.agricharts.com","agricharts-cashgrid","true","yes","no","KEEP"
"AGMARK LLC.","LEONARDVILLE","KS","2","agmarkllc-leonardville","www.agmarkllc.com","agricharts-cashgrid","true","yes","no","the other one looks better"
"AGMARK LLC.","LEONARDVILLE","KS","2","agmarkresp-leonardville","agmarkresp.agricharts.com","agricharts-cashgrid","true","yes","no","KEEP"
"AGMARK LLC.","MERIDEN","KS","2","agmarkllc-meriden","www.agmarkllc.com","agricharts-cashgrid","true","no","no","the other one looks better"
"AGMARK LLC.","MERIDEN","KS","2","agmarkresp-meriden","agmarkresp.agricharts.com","agricharts-cashgrid","true","no","no","KEEP"
"AGMARK LLC.","MILTONVALE","KS","2","agmarkllc-miltonvale","www.agmarkllc.com","agricharts-cashgrid","true","yes","no","the other one looks better"
"AGMARK LLC.","MILTONVALE","KS","2","agmarkresp-miltonvale","agmarkresp.agricharts.com","agricharts-cashgrid","true","yes","no","KEEP"
"AGMARK LLC.","OVERBROOK","KS","2","agmarkllc-overbrook","www.agmarkllc.com","agricharts-cashgrid","true","yes","no","the other one looks better"
"AGMARK LLC.","OVERBROOK","KS","2","agmarkresp-overbrook","agmarkresp.agricharts.com","agricharts-cashgrid","true","yes","no","KEEP"
"AGMARK LLC.","PAULINE","KS","2","agmarkllc-pauline","www.agmarkllc.com","agricharts-cashgrid","true","yes","no","the other one looks better"
"AGMARK LLC.","PAULINE","KS","2","agmarkresp-pauline","agmarkresp.agricharts.com","agricharts-cashgrid","true","yes","no","KEEP"
"AGMARK LLC.","SCRANTON","KS","2","agmarkllc-scranton","www.agmarkllc.com","agricharts-cashgrid","true","yes","no","the other one looks better"
"AGMARK LLC.","SCRANTON","KS","2","agmarkresp-scranton","agmarkresp.agricharts.com","agricharts-cashgrid","true","yes","no","KEEP"
"CHS HIGH PLAINS","FLEMING","CO","2","chshighplains-fleming","api.bushelpowered.com","bushel","true","no","yes","cannot tell these apart — look"
"CHS HIGH PLAINS","FLEMING","CO","2","chshighplains-newhaven","api.bushelpowered.com","bushel","true","no","yes","cannot tell these apart — look"
"CHS HIGH PLAINS","OTIS","CO","2","chshighplains-hyde","api.bushelpowered.com","bushel","true","no","yes","cannot tell these apart — look"
"CHS HIGH PLAINS","OTIS","CO","2","chshighplains-otis","api.bushelpowered.com","bushel","true","no","yes","cannot tell these apart — look"
"CHS HIGH PLAINS","YUMA","CO","2","chshighplains-yuma","api.bushelpowered.com","bushel","true","no","yes","cannot tell these apart — look"
"CHS HIGH PLAINS","YUMA","CO","2","chshighplains-yumashuttle","api.bushelpowered.com","bushel","true","no","yes","cannot tell these apart — look"
"CHS HOLDREGE","HOLDREGE","NE","2","chsholdrege-holdregeshuttle","api.bushelpowered.com","bushel","true","no","yes","cannot tell these apart — look"
"CHS HOLDREGE","HOLDREGE","NE","2","chsholdrege-holdregewest","api.bushelpowered.com","bushel","true","no","yes","cannot tell these apart — look"
"CHS UNITED PLAINS AG","TRIBUNE","KS","2","chsunitedplainsag-kanco","api.bushelpowered.com","bushel","true","no","yes","cannot tell these apart — look"
"CHS UNITED PLAINS AG","TRIBUNE","KS","2","chsunitedplainsag-tribune","api.bushelpowered.com","bushel","true","no","yes","cannot tell these apart — look"
"FS GRAIN","ADM - CLINTON CORN","IA","2","fsgrain-admclintoncorn","fsgrain.com","agricharts-cashgrid","true","yes","yes","cannot tell these apart — look"
"FS GRAIN","ADM - CLINTON CORN","IA","2","northerngrainmarketing-admclintoncorn","northerngrainmarketing.com","agricharts-cashgrid","true","yes","yes","cannot tell these apart — look"
"FS GRAIN","CGB - ALBANY","IL","2","fsgrain-cgbalbany","fsgrain.com","agricharts-cashgrid","true","yes","no","cannot tell these apart — look"
"FS GRAIN","CGB - ALBANY","IL","2","northerngrainmarketing-cgbalbany","northerngrainmarketing.com","agricharts-cashgrid","true","yes","no","cannot tell these apart — look"
"FS GRAIN","CGB - HENNEPIN","IL","2","fsgrain-cgbhennepin","fsgrain.com","agricharts-cashgrid","true","yes","no","cannot tell these apart — look"
"FS GRAIN","CGB - HENNEPIN","IL","2","northerngrainmarketing-cgbhennepin","northerngrainmarketing.com","agricharts-cashgrid","true","yes","no","cannot tell these apart — look"
"FS GRAIN","GRAND RIDGE","IL","2","fsgrain-grandridge","fsgrain.com","agricharts-cashgrid","true","yes","no","cannot tell these apart — look"
"FS GRAIN","GRAND RIDGE","IL","2","northerngrainmarketing-grandridge","northerngrainmarketing.com","agricharts-cashgrid","true","yes","no","cannot tell these apart — look"
"FS GRAIN","MARQUIS","IL","2","fsgrain-marquis","fsgrain.com","agricharts-cashgrid","true","yes","no","cannot tell these apart — look"
"FS GRAIN","MARQUIS","IL","2","northerngrainmarketing-marquis","northerngrainmarketing.com","agricharts-cashgrid","true","yes","no","cannot tell these apart — look"
"FS GRAIN","MAZON","IL","2","fsgrain-mazon","fsgrain.com","agricharts-cashgrid","true","yes","no","cannot tell these apart — look"
"FS GRAIN","MAZON","IL","2","northerngrainmarketing-mazon","northerngrainmarketing.com","agricharts-cashgrid","true","yes","no","cannot tell these apart — look"
"FS GRAIN","MCLEAN","IL","2","fsgrain-mclean","fsgrain.agricharts.com","agricharts-cashgrid","true","no","yes","KEEP"
"FS GRAIN","MCLEAN","IL","2","northerngrainmarketing-mclean","northerngrainmarketing.com","agricharts-cashgrid","true","no","yes","the other one looks better"
"FS GRAIN","RANSOM","IL","2","fsgrain-ransom","fsgrain.com","agricharts-cashgrid","true","yes","no","cannot tell these apart — look"
"FS GRAIN","RANSOM","IL","2","northerngrainmarketing-ransom","northerngrainmarketing.com","agricharts-cashgrid","true","yes","no","cannot tell these apart — look"
"FS GRAIN","VISERION - SAVANNA","IL","2","fsgrain-viserionsavanna","fsgrain.com","agricharts-cashgrid","true","yes","yes","cannot tell these apart — look"
"FS GRAIN","VISERION - SAVANNA","IL","2","northerngrainmarketing-viserionsavanna","northerngrainmarketing.com","agricharts-cashgrid","true","yes","yes","cannot tell these apart — look"
