website,operator,city,state,phone,facilities,boardPageTried,servedHosts,lastAsked
https://acoop2.com/,Assumption Coop,Owaneco,IL,(217) 879-2363,1,https://acoop2.com/cashbids | https://acoop2.com/cash-bids/,acoop2.com,2026-08-28T16:27:37.712Z
https://activefeedco.com/,Active Feed Company,Pigeon,MI,989-453-2472,1,https://activefeedco.com/cashbids | https://activefeedco.com/cash-bids/,www.activefeedco.com browser.sentry-cdn.com static.parastorage.com panorama.wixapps.net frog.wix.com pages.parastorage.com,2026-08-28T16:27:52.066Z
https://adm.com/,ADM Grain,Laotto,IN,,1,https://adm.com/cashbids | https://adm.com/cash-bids/,www.adm.com js.monitor.azure.com cdn.cookielaw.org unpkg.com www.googletagmanager.com geolocation.onetrust.com,2026-08-28T16:28:03.832Z
https://agmarkllc.com/,AgMark LLC,Delphos,KS,(785) 523-4213,1,https://agmarkllc.com/cashbids | https://agmarkllc.com/cash-bids/,agmarkllc.com,2026-08-28T16:28:59.127Z
https://agplusinc.com/,"Ag Plus, Inc.",Garrett,IN,,1,https://agplusinc.com/cashbids | https://agplusinc.com/cash-bids/,agplusinc.com,2026-08-28T16:29:19.027Z
https://agrail.com/,AgRail LLC ,Bloomington,IL,309-828-8600,1,https://agrail.com/cashbids | https://agrail.com/cash-bids/,agrail.com,2026-08-28T16:29:28.890Z
https://agrexinc.com/,Agrex Inc,Medina,NY,866-610-6705,1,https://agrexinc.com/cash-bids,agrexinc.com code.jquery.com cdnjs.cloudflare.com ajax.googleapis.com use.typekit.net kit.fontawesome.com,2026-08-28T16:29:36.719Z
https://agriservices.com/,AGRIServices of Brunswick,Mendon,MO,660-272-3213,1,https://agriservices.com/cashbids | https://agriservices.com/cash-bids/,agriservices.com cdn.jsdelivr.net maxcdn.bootstrapcdn.com use.fontawesome.com fonts.googleapis.com docs.google.com,2026-08-28T16:29:49.938Z
https://agriwaypartners.com/,"Agri-Way Partners, LLC.",Cedar Rapids,IA,319-256-6000,1,https://agriwaypartners.com/cashbids | https://agriwaypartners.com/cash-bids/,agriwaypartners.com,2026-08-28T16:29:59.785Z
https://agrowstar.com/,AGrowStar,Estill,SC,803-625-5440,1,https://agrowstar.com/cashbids | https://agrowstar.com/cash-bids/,agrowstar.com,2026-08-28T16:30:09.696Z
https://agtegra.com/,Agtegra,Aberdeen,SD,,1,https://agtegra.com/cash-bids,www.agtegra.com use.typekit.net js.monitor.azure.com use.fortawesome.com admin.agtegra.com cdnjs.cloudflare.com,2026-08-28T16:30:21.565Z
https://agvantagefs.com/,Agvantage FS,Chapin,IA,641-892-4425,1,https://agvantagefs.com/cashbids | https://agvantagefs.com/cash-bids/,fscooperatives.com global.ketchcdn.com cdn.ketchjs.com edge-platform.sitecorecloud.io www.googletagmanager.com ad.doubleclick.net,2026-08-28T16:30:46.365Z
https://alliance-grain.com/,Alliance Grain Co.,Reddick,IL,217-722-7118,1,https://alliance-grain.com/cash-bids,alliance-grain.com code.jquery.com ajax.googleapis.com cdnjs.cloudflare.com fonts.googleapis.com ssl.google-analytics.com,2026-08-28T16:30:54.912Z
https://alliedgrain.com/,Allied Grain,Blomkest,MN,320-995-6119,1,https://alliedgrain.com/cash-bids,alliedgrain.com code.jquery.com cdnjs.cloudflare.com ajax.googleapis.com fonts.googleapis.com ssl.google-analytics.com,2026-08-28T16:31:03.145Z
https://altoingredients.com/,"Alto Ingredients, Inc.",Pekin,IL,(916) 403-2123,1,https://altoingredients.com/cashbids | https://altoingredients.com/cash-bids/,www.altoingredients.com cdnjs.cloudflare.com fonts.googleapis.com secure.gravatar.com www.google.com www.googletagmanager.com,2026-08-28T16:31:17.011Z
https://andersonscanada.com/,Thompsons Limited,St. Marys,ON,519-225-6290,1,https://andersonscanada.com/cashbids | https://andersonscanada.com/cash-bids/,andersonscanada.com fonts.googleapis.com www.google.com www.googletagmanager.com www.gstatic.com cdnjs.cloudflare.com,2026-08-28T16:32:24.266Z
https://andersonsgrain.com/,The Andersons,Denison,IA,712-263-2676,1,https://andersonsgrain.com/locations/cash-bids/ | https://andersonsgrain.com/tools/cash-bid-texts-emails/,www.andersonsgrain.com fonts.googleapis.com use.typekit.net www.googletagmanager.com cdnjs.cloudflare.com s3.amazonaws.com,2026-08-28T16:32:37.296Z
https://anthonycoop.com/,Anthony Farmers Coop Elevator,Spring,KS,620-842-3703,1,https://anthonycoop.com/cashbids | https://anthonycoop.com/cash-bids/,anthonycoop.com,2026-08-28T16:32:47.153Z
https://antoncoop.com/,Anton Co-op,Anton,CO,970-383-2411,1,https://antoncoop.com/cashbids | https://antoncoop.com/cash-bids/,antoncoop.com,2026-08-28T16:32:56.963Z
https://archercoopgrain.com/,Archer Coop Grain Co,Sheldon,IA,402-275-6201,1,https://archercoopgrain.com/cashbids | https://archercoopgrain.com/cash-bids/,archercoopgrain.com,2026-08-28T16:33:06.793Z
https://arthurcompanies.com/,Arthur Companies,Pillsbury,ND,701-997-6104,1,https://arthurcompanies.com/cashbids | https://arthurcompanies.com/cash-bids/,arthurcompanies.com www.googletagmanager.com www.google.com ad.doubleclick.net connect.facebook.net googleads.g.doubleclick.net,2026-08-28T16:33:27.340Z
https://atkinsongrain.com/,Atkinson Grain & Fertilizer Inc.,Hennepin,IL,309-936-7177,1,https://atkinsongrain.com/cashbids | https://atkinsongrain.com/cash-bids/,atkinsongrain.com,2026-08-28T16:34:22.989Z
https://augustafarmers.com/,Augusta Farmers Coop,Augusta,IL,(217) 392-2184,1,https://augustafarmers.com/cashbids | https://augustafarmers.com/cash-bids/,augustafarmers.com,2026-08-28T16:34:32.996Z
https://auroraelevator.com/,Aurora Elevator Inc.,Aurora,IA,319-634-3330,1,https://auroraelevator.com/cashbids | https://auroraelevator.com/cash-bids/,auroraelevator.com,2026-08-28T16:34:42.806Z
https://azaliaelevator.com/,Azalia Elevator Inc.,Waldron,IN,765-525-6672,1,https://azaliaelevator.com/cashbids | https://azaliaelevator.com/cash-bids/,www.berlitz-blog.com dragon-bonar.b-cdn.net assets.teepublic.com static.cloudflareinsights.com lp.gospin123.cloud www.google.com,2026-08-28T16:34:55.864Z
https://aztalanbio.com/,Aztalan Bio LLC,Johnson Creek,WI,(920)515-0578,1,https://aztalanbio.com/cashbids | https://aztalanbio.com/cash-bids/,www.aztalanbio.com cdn.prod.website-files.com d3e54v103j8qbb.cloudfront.net cdn.jsdelivr.net cdnjs.cloudflare.com www.googletagmanager.com,2026-08-28T16:35:06.943Z
https://balkgrain.com/,"Balk Grain and Trucking, Inc.",Thomson,IL,,1,https://balkgrain.com/cashbids | https://balkgrain.com/cash-bids/,balkgrain.com,2026-08-28T16:36:05.303Z
https://bambauerfertilizer.com/,Bambauer Fertilizer & Seed INC,Pemberton,OH,(937) 492-2827,1,https://bambauerfertilizer.com/cash-bids,bambauerfertilizer.com code.jquery.com cdnjs.cloudflare.com ajax.googleapis.com ssl.google-analytics.com www.googletagmanager.com,2026-08-28T16:36:14.336Z
https://bartlettco-op.com/,Bartlett Co-op Assn,Bartlett,KS,620-226-3322,1,https://bartlettco-op.com/cashbids | https://bartlettco-op.com/cash-bids/,bartlettco-op.com challenges.cloudflare.com,2026-08-28T16:36:25.514Z
https://bartlettco.com/,"Bartlett Grain Company, LLC",Minneapolis,MN,,1,https://bartlettco.com/locations,bartlettco.com cdnjs.cloudflare.com www.googletagmanager.com www.google-analytics.com www.google.com ad.doubleclick.net,2026-08-28T16:36:38.889Z
https://beachnergrain.com/,Beachner Grain,St. Paul,KS,620-449-8500,1,https://beachnergrain.com/cash-bids,beachnergrain.com code.jquery.com cdnjs.cloudflare.com ajax.googleapis.com fonts.googleapis.com ssl.google-analytics.com,2026-08-28T16:36:48.557Z
https://beardsleycoop.com/,Beardsley Equity Coop,Atwood,KS,785-835-2386,1,https://beardsleycoop.com/cashbids | https://beardsleycoop.com/cash-bids/,beardsleycoop.com,2026-08-28T16:36:58.503Z
https://beardsleyfe.com/,Beardsley Farmers Elevator Company,Beardsley,MN,320-265-6933,1,https://beardsleyfe.com/cashbids | https://beardsleyfe.com/cash-bids/,beardsleyfe.com,2026-08-28T16:37:08.488Z
https://bids.weskangrain.com/,Weskan Grain,Tribune,KS,785-852-5010,1,https://bids.weskangrain.com/cashbids | https://bids.weskangrain.com/cash-bids/,bids.weskangrain.com code.jquery.com cdnjs.cloudflare.com ajax.googleapis.com fonts.googleapis.com ssl.google-analytics.com,2026-08-28T16:38:50.100Z
