name,city,state,county,phone,address,licences,capacity,licensedBy,outOfState,source
,Montgomery,AL,,(334) 262-6051,,,,,,barchart
,Sherrill,AR,,9999999999,,,,,,barchart
,Des Arc,AR,,(870)256-4125,,,,,,barchart
,Hazen,AR,,(870) 255-4531,,,,,,barchart
,Stuttgart,AR,,(870) 673-5342,,,,,,barchart
,Blytheville,AR,,N/A,,,,,,barchart
Pilgrim's Pride Corporation,Greeley,CO,,,1770 Promontory Circle,dealer+warehouse,,,,registry-wi
,Commerce City,CO,,N/A,,,,,,barchart
,Pierce,CO,, 970-381-4402,,,,,,barchart
,Greeley,CO,,970-660-1740,,,,,,barchart
,Laurel,DE,,N/A,,,,,,barchart
Hero Farmed Cooperative,Atlanta,GA,,,7000 Central Pkwy Ste 1460,dealer+warehouse,,,,registry-wi
,Bonaire,GA,,478-225-4465,,,,,,barchart
,Davisboro,GA,,478-247-0395,,,,,,barchart
,Marshallville,GA,,478-967-2291,,,,,,barchart
"Big River Resources Boyceville, LLC",West Burlington,IA,,,211 North Gear Suite 200,dealer+warehouse,,,,registry-wi
Innovative Ag Services Co.,Monticello,IA,,,2010 S Main St.,dealer+warehouse,,,,registry-wi
"NFO Members Grain, Inc.",Ames,IA,,,PO Box 2508,dealer+warehouse,,,,registry-wi
"Plains Salvage, Inc.",Lowden,IA,,,717 Union Ave.,dealer+warehouse,,,,registry-wi
"Stonebridge, Ltd.",Cedar Falls,IA,,,3411 Midway Dr.,dealer+warehouse,,,,registry-wi
,Cumberland,IA,,888-744-5412,,,,,,barchart
,Clinton,IA,,563-242-5251,,,,,,barchart
,Clinton,IA,,563-242-1121,,,,,,barchart
,Des Moines,IA,,515-263-3250,,,,,,barchart
,Eage Grove,IA,,(515) 448?4711,,,,,,barchart
,Mason City,IA,,(800) 247-6372,,,,,,barchart
,Sheldon,IA,,(800) 798-4282,,,,,,barchart
,Alton,IA,,712-756-5460,,,,,,barchart
,Ellsworth,IA,,515-836-2126,,,,,,barchart
,Hospers,IA,,712-752-8421,,,,,,barchart
,Maurice,IA,,712-567-3000,,,,,,barchart
,Sheldon,IA,,712-324-2548,,,,,,barchart
,Cedar Rapids,IA,,319-256-6000,,,,,,barchart
,Archer,IA,,712-723-5233,,,,,,barchart
,Aurora,IA,,319-634-3330,,,,,,barchart
,Clinton,IA,,N/A,,,,,,barchart
,Council Bluffs,IA,,712-322-3444,,,,,,barchart
,Council Bluffs,IA,,712-322-3444,,,,,,barchart
,Hamburg,IA,,712-382-1238,,,,,,barchart
,Dyersville,IA,,563-875-5530,,,,,,barchart
,Buckingham,IA,,800-682-5819,,,,,,barchart
,Cedar Rapids,IA,,319-478-2331,,,,,,barchart
,Iowa Falls,IA,,319-478-2331,,,,,,barchart
,Shell Rock,IA,,N/A,,,,,,barchart
,Allendorf,IA,,N/A,,,,,,barchart
,Alvord,IA,,N/A,,,,,,barchart
,Ashton,IA,,N/A,,,,,,barchart
,George,IA,,N/A,,,,,,barchart
,George,IA,,N/A,,,,,,barchart
,Hawarden,IA,,N/A,,,,,,barchart
,Inwood,IA,,N/A,,,,,,barchart
,Larchwood,IA,,N/A,,,,,,barchart
,Lester,IA,,N/A,,,,,,barchart
,Rock Rapids,IA,,N/A,,,,,,barchart
,Rock Valley,IA,,N/A,,,,,,barchart
,Sibley,IA,,N/A,,,,,,barchart
,St Ansgar,IA,,651-355-6510,,,,,,barchart
,Clinton,IA,,N/A,,,,,,barchart
,Cedar Rapids,IA,,1-800-515-1105,,,,,,barchart
,Cedar Rapids,IA,,402-237-3731,,,,,,barchart
,Iowa Falls,IA,,402) 237-3731 ,,,,,,barchart
,Cedar Rapids,IA,,(319) 398?4100,,,,,,barchart
,Clinton,IA,,563-242-1121,,,,,,barchart
,Tipton,IA,,(563) 886-6177,,,,,,barchart
,Dolliver,IA,,712-865-2600,,,,,,barchart
,Akron,IA,,712-568-2426,,,,,,barchart
,Council Bluffs,IA,,N/A,,,,,,barchart
,Forest City,IA,,641-565-3200,,,,,,barchart
,Marengo,IA,,3196681912,,,,,,barchart
,Dow City,IA,,712-674-3344,,,,,,barchart
,Dunlap,IA,,712-643-5360,,,,,,barchart
,Harlan,IA,,712-799-4291,,,,,,barchart
,Logan,IA,,712-644-2540,,,,,,barchart
,Panama,IA,,712-489-2535,,,,,,barchart
,Soldier,IA,,712-884-2201,,,,,,barchart
,Clayton,IA,,563-964-2651,,,,,,barchart
,Fayette,IA,,563-425-3361,,,,,,barchart
,Le Mars,IA,,712-562-6544,,,,,,barchart
,Delmar,IA,,N/A,,,,,,barchart
,Doon,IA,,712-726-3215,,,,,,barchart
,Cedar Rapids,IA,,N/A,,,,,,barchart
,Cedar Rapids,IA,,N/A,,,,,,barchart
,Cedar Rapids Direct,IA,,319-822-4291,,,,,,barchart
,Dunkerton,IA,,800-627-3528,,,,,,barchart
,Shell Rock ,IA,,N/A,,,,,,barchart
,Cedar Rapids,IA,,N/A,,,,,,barchart
,Clinton,IA,,N/A,,,,,,barchart
,Clinton,IA,,N/A,,,,,,barchart
,Dyersville,IA,,N/A,,,,,,barchart
,Edgewood,IA,,(563) 928-6405,,,,,,barchart
,Atlantic,IA,,712-254-9850,,,,,,barchart
,Webster City,IA,,N/A,,,,,,barchart
,Walker,IA,,319-448-4393,,,,,,barchart
,Clinton,IA,,5632425251,,,,,,barchart
, Sioux Center,IA,,N/A,,,,,,barchart
,Boyden,IA,,(712) 725-2386,,,,,,barchart
,Ireton,IA,,(712) 722-4800,,,,,,barchart
,Little Rock,IA,,(712) 479-2020,,,,,,barchart
,Sheldon,IA,,(712) 324-5197,,,,,,barchart
,Sioux Center,IA,,(712) 722-2671,,,,,,barchart
,Cedar Rapids,IA,,N/A,,,,,,barchart
,Charles City,IA,,641.228.1351,,,,,,barchart
,Riceville,IA,,6419852456,,,,,,barchart
,Charles City,IA,,563-237-5324,,,,,,barchart
,Cresco,IA,,563-547-4349,,,,,,barchart
,Cresco,IA,,N/A,,,,,,barchart
,Cresco,IA,,563-547-5404,,,,,,barchart
,Fairbank,IA,,3196359404,,,,,,barchart
,Fredericksburg,IA,,563-237-5324,,,,,,barchart
,Hawkeye,IA,,563-427-3214,,,,,,barchart
,Lawler,IA,,563-237-5324,,,,,,barchart
,Mason City,IA,,563-237-5324,,,,,,barchart
,McGregor,IA,,N/A,,,,,,barchart
,Ridgeway,IA,,563-737-2244,,,,,,barchart
,Shell Rock,IA,,(319) 820-2600,,,,,,barchart
,Shell Rock,IA,,N/A,,,,,,barchart
,Sumner,IA,,563-578-3432,,,,,,barchart
,Waverly,IA,,319-352-1354,,,,,,barchart
,Burchinal,IA,,641-822-4660,,,,,,barchart
,Charles City,IA,,(641) 715-3000,,,,,,barchart
,Dougherty,IA,,641-794-3434,,,,,,barchart
,Forest City,IA,,N/A,,,,,,barchart
,Ionia,IA,,641-394-3616,,,,,,barchart
,Lawler,IA,,563-238-2814,,,,,,barchart
,Lime Springs,IA,,N/A,,,,,,barchart
,Lime Springs,IA,,563-566-2291,,,,,,barchart
,Mason City,IA,,N/A,,,,,,barchart
,Mason City,IA,,N/A,,,,,,barchart
,N. Wash,IA,,641-394-3616,,,,,,barchart
,Nashua,IA,,(641)435-4665,,,,,,barchart
,New Hampton,IA,,(641)394-3052,,,,,,barchart
,New Hampton,IA,,(641) 394-3052,,,,,,barchart
,Rockwell,IA,,(641)822-3221,,,,,,barchart
,Scarville,IA,,641-568-3351,,,,,,barchart
,Sheffield,IA,,641-822-3221,,,,,,barchart
,Shell Rock,IA,,319-419-6329,,,,,,barchart
,Malcom,IA,,515-229-5340,,,,,,barchart
,Council Bluffs,IA,,(712) 366-0392,,,,,,barchart
,Council Bluffs,IA,,(712) 366-3600,,,,,,barchart
,Clarion,IA,,515-532-2881,,,,,,barchart
,Clarion,IA,,515-825-3111,,,,,,barchart
,Eagle Grove,IA,,515-448-4775,,,,,,barchart
,Eagle Grove,IA,,N/A,,,,,,barchart
,Galt,IA,,N/A,,,,,,barchart
,Goldfield,IA,,515-825-3161,,,,,,barchart
,Hardy,IA,,515-824-3221,,,,,,barchart
,Leland,IA,,(641) 567-3010,,,,,,barchart
,Mason City,IA,,N/A,,,,,,barchart
,Renwick,IA,,515-824-3214,,,,,,barchart
,Thompson,IA,,(641) 584-2024,,,,,,barchart
,Thor,IA,,515-378-3314,,,,,,barchart
,Mason City,IA,,1-888-443-2676,,,,,,barchart
,Shenandoah,IA,,712.246.2932,,,,,,barchart
,Alleman,IA,,515-383-4345,,,,,,barchart
,Booneville,IA,,515-996-2295,,,,,,barchart
,Brooklyn,IA,,641-522-7521,,,,,,barchart
,Cambridge,IA,,515-383-4345,,,,,,barchart
,Carlisle,IA,,515-266-4215,,,,,,barchart
,Colo,IA,,641-377-2253,,,,,,barchart
,Council Bluffs,IA,,712-325-2700,,,,,,barchart
,Dallas Center,IA,,515-992-3767,,,,,,barchart
,Dexter,IA,,515-789-4230,,,,,,barchart
,Earlham,IA,,515-758-2221,,,,,,barchart
,Earlham,IA,,515-758-2221,,,,,,barchart
,Elberon,IA,,319-439-5382,,,,,,barchart
,Gilman,IA,,800-542-7887,,,,,,barchart
,Grundy Center,IA,,319-824-5466,,,,,,barchart
,Henderson,IA,,712-825-3561,,,,,,barchart
,Hudson,IA,,(319) 988-3880,,,,,,barchart
,Indianola,IA,,515-961-2505,,,,,,barchart
,Jewell,IA,,515-827-5431,,,,,,barchart
,Kellogg,IA,,641-526-8236,,,,,,barchart
,Lincoln,IA,,N/A,,,,,,barchart
,Little Sioux,IA,,712.649.2281,,,,,,barchart
,Luther,IA,,515-795-2386,,,,,,barchart
,Madrid,IA,,515-438-2100,,,,,,barchart
,Malcom,IA,,641-528-2535,,,,,,barchart
,Marengo,IA,,319- 642-5538,,,,,,barchart
,Melbourne,IA,,641-482-3206,,,,,,barchart
,Minburn,IA,,515-677-2256,,,,,,barchart
,Mingo,IA,,641-363-4250,,,,,,barchart
,Missouri Valley,IA,,712-642-3737,,,,,,barchart
,Mitchellville,IA,,515.967.4288,,,,,,barchart
,Modale,IA,, 712-645-2081,,,,,,barchart
,Modamin,IA,,712-646-2411,,,,,,barchart
,Monroe,IA,,641.259.2157,,,,,,barchart
,Newton,IA,,641-792-5169,,,,,,barchart
,Prairie City,IA,,+1 515-994-2651,,,,,,barchart
,Randall,IA,,515-328-2315,,,,,,barchart
,Randolph,IA,,712.625.3111,,,,,,barchart
,Redfield,IA,,N/A,,,,,,barchart
,Reinbeck,IA,,319.788.6831,,,,,,barchart
,Slater,IA,,N/A,,,,,,barchart
,Stanhope,IA,,515.826.3226,,,,,,barchart
,Traer,IA,,888-243-2149,,,,,,barchart
,Victor,IA,,319--647-3222,,,,,,barchart
,Washburn,IA,,319.296.1392,,,,,,barchart
,Waukee,IA,,515-987-4511,,,,,,barchart
,Winterset,IA,,515.462.4611,,,,,,barchart
,Woodbine,IA,,712.647.2511,,,,,,barchart
,Woodward,IA,,515-438-2100,,,,,,barchart
,Clinton,IA,,563-242-1121,,,,,,barchart
, Lawler,IA,,563-238-5555,,,,,,barchart
,Hull,IA,,712-439-1140,,,,,,barchart
,Hull,IA,,712-439-1851,,,,,,barchart
,Larchwood,IA,,712-477-2021,,,,,,barchart
,Ackley,IA,,641-847-2911,,,,,,barchart
,Ackley,IA,,641-847-3566,,,,,,barchart
,Alden,IA,,515-859-3346,,,,,,barchart
,Aplington,IA,,(319) 347-6601,,,,,,barchart
,Cedar Rapids,IA,,319-465-6896,,,,,,barchart
,Central City,IA,,319-438-6194,,,,,,barchart
,Central City,IA,,3194386194,,,,,,barchart
,Clayton,IA,,319-465-6896,,,,,,barchart
,Clinton,IA,,319-465-6896,,,,,,barchart
,Des Moines,IA,,319-465-6896,,,,,,barchart
,Dubuque,IA,,319-465-6896,,,,,,barchart
,Eagle Grove,IA,,319-465-6896,,,,,,barchart
,Elkader,IA,,563-245-1230,,,,,,barchart
,Ellsworth,IA,,515-836-4411,,,,,,barchart
,Elma,IA,,641-393-2260,,,,,,barchart
,Fairbank,IA,,319-465-6896,,,,,,barchart
,Farley,IA,,563-744-3337,,,,,,barchart
,Garden City,IA,,515-893-2252,,,,,,barchart
,Hubbard,IA,,641-864-2266,,,,,,barchart
,Independence,IA,,319-334-2581,,,,,,barchart
,Iowa Falls,IA,,641-648-2017,,,,,,barchart
,Iowa Falls,IA,,641-648-5020,,,,,,barchart
,Iowa Falls,IA,,(641) 630-1599,,,,,,barchart
,Iowa Falls ,IA,,N/A,,,,,,barchart
,Lawler,IA,,319-465-6896,,,,,,barchart
,Manchester,IA,,563-927-3012,,,,,,barchart
,Mason City,IA,,6414234733,,,,,,barchart
,Masonville,IA,,5639275040,,,,,,barchart
,McGregor,IA,,319-465-6896,,,,,,barchart
,Monona,IA,,563-539-2001,,,,,,barchart
,Monticello,IA,,319-465-3501,,,,,,barchart
,New Providence,IA,,641-497-5291,,,,,,barchart
,Oran,IA,,319-638-7551,,,,,,barchart
,Shell Rock,IA,,N/A,,,,,,barchart
,Shell Rock,IA,,319-465-6896,,,,,,barchart
,Steamboat Rock,IA,,319-465-6896,,,,,,barchart
,Union,IA,,641-486-5314,,,,,,barchart
,Williams,IA,,515-854-2735,,,,,,barchart
,Dana,IA,,515-738-5121,,,,,,barchart
,Ackney,IA,,N/A,,,,,,barchart
,Cedar Rapids,IA,,N/A,,,,,,barchart
,Des Moines,IA,,N/A,,,,,,barchart
,Gilbert,IA,,515-232-6515,,,,,,barchart
,Grinnell,IA,,641-236-6591,,,,,,barchart
,Grinnell,IA,,N/A,,,,,,barchart
,Iowa Falls,IA,,641-630-1599,,,,,,barchart
,Iowa Falls,IA,,N/A,,,,,,barchart
,Jewell,IA,,N/A,,,,,,barchart
,Kelley,IA,,515-769-2244,,,,,,barchart
,Marshalltown,IA,, 641-479-2800,,,,,,barchart
,Nevada,IA,,N/A,,,,,,barchart
,Nevada,IA,,515-382-5461,,,,,,barchart
,Nevada,IA,,N/A,,,,,,barchart
,Newton,IA,,641-791-0740,,,,,,barchart
,Newton,IA,,641-792-1940,,,,,,barchart
,Parkersburg,IA,,N/A,,,,,,barchart
,Roland,IA,,515-388-4341,,,,,,barchart
,St. Anthony,IA,,641-477-8244,,,,,,barchart
,Story City,IA,,515-733-4358,,,,,,barchart
,Sully,IA,,641-594-4115,,,,,,barchart
,Zearing,IA,,641-487-7641,,,,,,barchart
,Earlville,IA,,563-875-2446,,,,,,barchart
, Mitchellville,IA,,(515) 967-4288,,,,,,barchart
,Aredale,IA,,641-894-3435,,,,,,barchart
,Atlantic,IA,,(712) 243-6568,,,,,,barchart
,Bayard,IA,,712-651-2081,,,,,,barchart
,Beaver,IA,,515-275-2525,,,,,,barchart
,Boone,IA,,515-432-4563,,,,,,barchart
,Boxholm,IA,,515-846-6201,,,,,,barchart
,Bradford,IA,,641-648-6704,,,,,,barchart
,Churdan,IA,,515-389-3116,,,,,,barchart
,Clarksville,IA,,7122436568,,,,,,barchart
,Collins,IA,,641-385-2364,,,,,,barchart
,Dawson,IA,,515-428-8334,,,,,,barchart
,Dayton,IA,,515-547-2813,,,,,,barchart
,Farnhamville,IA,,515-544-3213,,,,,,barchart
,Gowrie,IA,,515-352-3867,,,,,,barchart
,Greene,IA,,641-823-4163,,,,,,barchart
,Grundy Center,IA,,(515) 800-4769,,,,,,barchart
,Jefferson,IA,,515-386-4144,,,,,,barchart
,Latimer,IA,,641-579-6451,,,,,,barchart
,Manilla,IA,,712-654-2012,,,,,,barchart
,New Hartford,IA,,319-983-2259,,,,,,barchart
,Panora,IA,,(641) 755-2114,,,,,,barchart
,Paton,IA,,515-846-6201,,,,,,barchart
,Plainfield,IA,,319-276-4462,,,,,,barchart
,Pleasant Hill,IA,,515-263-9813,,,,,,barchart
,Rake,IA,,641-566-3351,,,,,,barchart
,Ralston,IA,,712-667-3200,,,,,,barchart
,Rippey,IA,,(515) 436-7411,,,,,,barchart
,Rockwell City,IA,,712-297-7511,,,,,,barchart
,Somers,IA,,515-467-5511,,,,,,barchart
,Waverly,IA,,N/A,,,,,,barchart
,Wellsburg,IA,,(515) 800-4769,,,,,,barchart
,Yale,IA,,641-439-2243,,,,,,barchart
,Le Mars,IA,,712-546-4127,,,,,,barchart
,Lester ,IA,,712-478-4440,,,,,,barchart
,Nevada,IA,,(515) 232-1010,,,,,,barchart
,Alburnett,IA,,800-383-3913,,,,,,barchart
,Cedar Rapids,IA,,800-728-4881,,,,,,barchart
,Cedar Rapids,IA,,800-728-4881,,,,,,barchart
,Cedar Rapids,IA,,800-728-4881,,,,,,barchart
,Grand Junction,IA,,515-738-2800,,,,,,barchart
,Beaman,IA,,641-366-3236 ,,,,,,barchart
,Buckeye,IA,,515-855-4141,,,,,,barchart
,Cedar Falls,IA,,N/A,,,,,,barchart
,Cedar Rapids,IA,,N/A,,,,,,barchart
,Cedar Rapids,IA,,8002471323,,,,,,barchart
,Conrad,IA,,641-366-2740 ,,,,,,barchart
,Des Moines,IA,,5152633250,,,,,,barchart
,Earlville,IA,,5638752446,,,,,,barchart
,Edgewood,IA,,563-928-6405,,,,,,barchart
,Fairbank,IA,,3193260600,,,,,,barchart
,Green Mountain,IA,,641-474-2293,,,,,,barchart
,Haverhill,IA,,641-475-3221,,,,,,barchart
,Holland,IA,,319-824-5000,,,,,,barchart
,Hudson,IA,,319-988-3257,,,,,,barchart
,Iowa Falls,IA,,6416301599,,,,,,barchart
,Iowa Falls,IA,,N/A,,,,,,barchart
,Jesup,IA,,N/A,,,,,,barchart
,Jewell,IA,,(515) 827-5431,,,,,,barchart
,LaPorte City,IA,,319-342-3013,,,,,,barchart
,Liscomb,IA,,641-496-5211,,,,,,barchart
,Nevada,IA,,N/A,,,,,,barchart
,Parkersburg,IA,,(319) 346-1954,,,,,,barchart
,Shell Rock,IA,,3198202600,,,,,,barchart
,Shell Rock,IA,,3194196329,,,,,,barchart
,State Center,IA,,6414832239,,,,,,barchart
,Steamboat Rock,IA,,N/A,,,,,,barchart
,Toledo,IA,,641-366-2740,,,,,,barchart
,Waterloo,IA,,N/A,,,,,,barchart
,Alvord,IA,,712-478-4624,,,,,,barchart
,Badger,IA,,515-545-3145,,,,,,barchart
,Barnum,IA,,515-542-3221,,,,,,barchart
,Belmond,IA,,515-200-5140,,,,,,barchart
,Blairsburg,IA,,515-325-6252,,,,,,barchart
,Blencoe,IA,,712-433-2490,,,,,,barchart
,Churdan,IA,,712-216-8300,,,,,,barchart
,Clare,IA,,515-546-4265,,,,,,barchart
,Dows,IA,,515-852-4136,,,,,,barchart
,Duncombe,IA,,515-543-4245,,,,,,barchart
,Essex,IA,,712-481-2010,,,,,,barchart
,Glidden,IA,,712-659-2227,,,,,,barchart
,Harcourt,IA,,515-879-2711,,,,,,barchart
,Humboldt,IA,,515-332-3374,,,,,,barchart
,Jefferson,IA,,515-386-3239,,,,,,barchart
,Knierim,IA,,515-463-2331,,,,,,barchart
,Lanesboro,IA,,712-656-2225,,,,,,barchart
,Lohrville,IA,,712-465-3145,,,,,,barchart
,Moorland,IA,,515-549-3316,,,,,,barchart
,Onawa,IA,,712-433-1575,,,,,,barchart
,Otho,IA,,515-972-4471,,,,,,barchart
,Red Oak,IA,,712-623-5453,,,,,,barchart
,Rockwell City,IA,,712-297-7579,,,,,,barchart
,Rowan,IA,,641-853-2201,,,,,,barchart
,Ute,IA,,712-885-2249,,,,,,barchart
,Villisca,IA,,712-414-0120,,,,,,barchart
,Villisca,IA,,712-414-0305,,,,,,barchart
,Vincent,IA,,515-356-4185,,,,,,barchart
,Woolstock,IA,,515-839-5531,,,,,,barchart
,Marshalltown ,IA,,641-751-5636,,,,,,barchart
,Ashton,IA,,(712) 724-6604,,,,,,barchart
,Sheldon,IA,,(712) 324-2531,,,,,,barchart
,Carpenter,IA,,641-324-1196,,,,,,barchart
,Chapin,IA,,641-892-4425,,,,,,barchart
,Charles City,IA,,641-715-1203,,,,,,barchart
,Charles City,IA,,641-715-1203,,,,,,barchart
,Charles City,IA,,641-715-1203,,,,,,barchart
,Dewar,IA,,319-234-1392,,,,,,barchart
,Elgin,IA,,563-426-5566 ,,,,,,barchart
,Harlan,IA,,641-715-1206,,,,,,barchart
,Marble Rock,IA,,641-315-2515,,,,,,barchart
,Mason City,IA,,641-423-8500,,,,,,barchart
,Northwood,IA,,641-324-2753,,,,,,barchart
,Oelwein,IA,,563-637-2285,,,,,,barchart
,Rockford,IA,,641-756-3611,,,,,,barchart
,Rudd,IA,,641-395-2274,,,,,,barchart
,Shell Rock,IA,,(319) 820-2600,,,,,,barchart
,Stacyville,IA,,641-710-2348,,,,,,barchart
,Sumner,IA,,563-578-3214,,,,,,barchart
,Toeterville,IA,,641-713-4598,,,,,,barchart
,CLEAR LAKE,IA,,(641) 357-5274,,,,,,barchart
,Mason City,IA,,(641) 423-5311,,,,,,barchart
,Plymouth,IA,,(641) 423-5311,,,,,,barchart
,Thornton,IA,,(641) 998-2711,,,,,,barchart
,Riceville,IA,,641-985-4255,,,,,,barchart
,Osage,IA,,641-732-3768,,,,,,barchart
,Ashton,IA,,712-724-6604,,,,,,barchart
,Coon Rapids,IA,,712-684-5102,,,,,,barchart
,Corning,IA,,(641) 322-6439,,,,,,barchart
,Fairbank,IA,,(319) 326-0600,,,,,,barchart
,Gowrie,IA,,515-352-2612,,,,,,barchart
,Iowa Falls,IA,,(641) 630-1599,,,,,,barchart
,Jewell,IA,,515-827-6050,,,,,,barchart
,Menlo,IA,,(641) 860-4300,,,,,,barchart
,Shell Rock,IA,, (319) 820-2600,,,,,,barchart
,Brunsville,IA,,712-533-6514,,,,,,barchart
,Eagle Grove,IA,,(515) 448-4711,,,,,,barchart
,Manson,IA,, 800-788-3383,,,,,,barchart
,Pioneer,IA,,515-373-6513,,,,,,barchart
,Radcliffe,IA,,515-899-2101,,,,,,barchart
,Readlyn,IA,,319-279-3396,,,,,,barchart
,Shell Rock,IA,,319-885-4391,,,,,,barchart
,DeWitt,IA,,563-659-8179,,,,,,barchart
,Donahue,IA,,563-282-9618 ,,,,,,barchart
,Martelle,IA,,319-482-3101,,,,,,barchart
,Olin,IA,,319-484-2341,,,,,,barchart
,Ryan,IA,,563-932-2101,,,,,,barchart
,Clarksville,IA,,3192784335,,,,,,barchart
,Iowa Falls,IA,,(641) 648-5020,,,,,,barchart
,Shell Rock,IA,,319-419-6329,,,,,,barchart
,Edgewood,IA,,563-928-6419,,,,,,barchart
,Sioux Center,IA,,712-722-4904,,,,,,barchart
,Council Bluffs,IA,,712-366-0392,,,,,,barchart
,St. Ansgar,IA,,641-713-4341,,,,,,barchart
,Armstrong,IA,,712-868-3150,,,,,,barchart
,Lakota ,IA,,515-886-2461,,,,,,barchart
,Ledyard,IA,,515-646-2135,,,,,,barchart
,Swea City ,IA,,515-272-4406,,,,,,barchart
,Cedar Rapids,IA,,319-476-3666,,,,,,barchart
,Cedar Rapids,IA,,319-476-3666,,,,,,barchart
,Clutier,IA,,319-479-2242,,,,,,barchart
,Dysart,IA,,319-476-3666,,,,,,barchart
,Shell Rock,IA,,N/A,,,,,,barchart
,Steamboat Rock,IA,,N/A,,,,,,barchart
,Vinton,IA,,319-472-4791,,,,,,barchart
,Clinton,IA,,N/A,,,,,,barchart
,Denison,IA,,712-263-2676,,,,,,barchart
,Colwell,IA,,641-228-4771,,,,,,barchart
,Emerson,IA,,712-824-7307,,,,,,barchart
,Griswold,IA,,712-778-2701,,,,,,barchart
,Hancock,IA,,712-741-5437,,,,,,barchart
,Harlan,IA,,712-755-3192,,,,,,barchart
,Monroe,IA,,641-259-2232,,,,,,barchart
,Otley,IA,,641-627-5311,,,,,,barchart
,Pella,IA,,641-628-4167,,,,,,barchart
,Webster City,IA,,515-832-2270,,,,,,barchart
,Cedar Rapids,IA,,N/A,,,,,,barchart
,Nevada,IA,,866-307-4777,,,,,,barchart
,Sioux Center,IA,,(712)-330-7877,,,,,,barchart
,Thompson,IA,,(712)-330-7877,,,,,,barchart
,McGregor,IA,,N/A,,,,,,barchart
,Sioux Center,IA,,712-722-0661,,,,,,barchart
,Genesse ,ID,,208-285-1141,,,,,,barchart
All Star Trading Inc.,Oak Brook,IL,,,1750 E Golf Rd. Suite 388,dealer+warehouse,,,,registry-wi
Cereal Byproducts Company,Mt. Prospect,IL,,,601 E Kensington Rd.,dealer+warehouse,,,,registry-wi
"Eastland Feed and Grain, Inc.",Shannon,IL,,,PO Box 200,dealer+warehouse,,,,registry-wi
Furst-McNess Company,Rockford,IL,,,1252 Bell Valley Rd. Suite 220,dealer+warehouse,,,,registry-wi
"Phil's Eggs, LLC",Pearl City,IL,,,968 South Kent Rd.,dealer+warehouse,,,,registry-wi
,Creve Coeur,IL,,309-699-9581,,,,,,barchart
,Curran,IL,,217-483-2442,,,,,,barchart
,Decatur,IL,,217-451-8399,,,,,,barchart
,Decatur,IL,,217-451-2492,,,,,,barchart
,Havana,IL,,309-543-3392,,,,,,barchart
,Hennepin,IL,,Mendota Office 815-5,,,,,,barchart
,Hoopeston,IL,,217-283-5147,,,,,,barchart
,Hume,IL,,217-887-2514,,,,,,barchart
,Lacon,IL,,309-246-2515,,,,,,barchart
,Macon,IL,,217-764-3345,,,,,,barchart
,Mt. Auburn,IL,,217-676-3811,,,,,,barchart
,Niantic,IL,,217-668-2345,,,,,,barchart
,Oakland,IL,,217-346-2141,,,,,,barchart
,Ottawa,IL,,815-433-3000,,,,,,barchart
,Spring Valley,IL,,815-663-2850,,,,,,barchart
,Sullivan,IL,,217-728-2554,,,,,,barchart
,Taylorville,IL,,217-824-5579,,,,,,barchart
,Tuscola,IL,,217-253-3389,,,,,,barchart
,Bloomington,IL,,309-828-8600,,,,,,barchart
,Anchor,IL,,309-723-2091,,,,,,barchart
,Bellflower,IL,,309-722-3216,,,,,,barchart
,Cabery,IL,,815-949-1672,,,,,,barchart
,Cullom,IL,,815-689-2130,,,,,,barchart
,Gibson City,IL,,217-784-5402,,,,,,barchart
,Reddick,IL,,217-722-7118,,,,,,barchart
,Sibley,IL,,217-745-2336,,,,,,barchart
,Pekin,IL,,(916) 403-2123,,,,,,barchart
,Assumption,IL,,(217) 226-3213,,,,,,barchart
,Owaneco,IL,,(217) 879-2363,,,,,,barchart
,Palmer,IL,, (217) 526-3114,,,,,,barchart
,Pana,IL,,800-252-6542,,,,,,barchart
,Westervelt,IL,,(217) 738-2321,,,,,,barchart
,Hennepin,IL,,309-936-7177,,,,,,barchart
,Auburn,IL,,217-438-3316,,,,,,barchart
,Decatur,IL,,217-438-3316,,,,,,barchart
,Waverly,IL,,217-438-3316,,,,,,barchart
,Mt Carroll,IL,,N/A,,,,,,barchart
,Savanna,IL,,N/A,,,,,,barchart
,Thomson,IL,,(815) 259-4000,,,,,,barchart
,South Jacksonville,IL,,217-243-0509,,,,,,barchart
,Lincoln,IL,,217-732-7949,,,,,,barchart
,Havana,IL,,N/A,,,,,,barchart
,Shipman ,IL,,618-729-9009,,,,,,barchart
,Waverly,IL,,217-435-9023,,,,,,barchart
,Beardstown,IL,,217-909-3004,,,,,,barchart
,Beardstown,IL,,217-909-3004,,,,,,barchart
,Bloomington,IL,,217-784-1980,,,,,,barchart
,Gibson City,IL,,217-784-1980,,,,,,barchart
,Gibson City,IL,,217-784-1980,,,,,,barchart
,Gilman,IL,,217-784-1980,,,,,,barchart
,Havana,IL,,217-909-3004,,,,,,barchart
,Lacon,IL,,815-705-9173,,,,,,barchart
,Meredosia,IL,,217-909-3004,,,,,,barchart
,Paris,IL,,217-466-7765,,,,,,barchart
,Pittsfield,IL,,217-909-3004,,,,,,barchart
,Morrisonville,IL,,(217) 526-3123,,,,,,barchart
,Rosamond,IL,,217-562-2363,,,,,,barchart
,Cissna Park,IL,,815-457-2181,,,,,,barchart
,Albany,IL,,3098875310,,,,,,barchart
,Dwight,IL,,(815) 584-1111,,,,,,barchart
,Fithian,IL,,2175482211,,,,,,barchart
,Freeport,IL,,(815) 233-1140,,,,,,barchart
,Hennepin,IL,,+1 815-667-5141,,,,,,barchart
,Homer,IL,,2178962494,,,,,,barchart
,Mt. Carroll,IL,,N/A,,,,,,barchart
,Naples,IL,,(217) 754-3331,,,,,,barchart
,Congerville,IL,,N/A,,,,,,barchart
,Danvers,IL,,N/A,,,,,,barchart
,Deer Creek,IL,,N/A,,,,,,barchart
,MacKinaw,IL,,N/A,,,,,,barchart
,Deland,IL,,217-664-3321,,,,,,barchart
,Donovan,IL,,815-486-7325  ,,,,,,barchart
,Albany,IL,,N/A,,,,,,barchart
,Hennepin,IL,,N/A,,,,,,barchart
,Lena,IL,,N/A,,,,,,barchart
,Mt. Carroll,IL,,N/A,,,,,,barchart
,Peru,IL,,N/A,,,,,,barchart
,Savanna,IL,,N/A,,,,,,barchart
,Savanna,IL,,N/A,,,,,,barchart
,Shannon,IL,,N/A,,,,,,barchart
,Stockton,IL,,N/A,,,,,,barchart
,Warren,IL,,N/A,,,,,,barchart
,Elkhart,IL,,217-947-2751,,,,,,barchart
,Allen Station - San Jose,IL,,309-244-7541,,,,,,barchart
,Delavan,IL,,309-244-7541,,,,,,barchart
,Havana,IL,,309-244-7541,,,,,,barchart
,Pekin,IL,,309-244-7541,,,,,,barchart
,Bloomington,IL,,309-454-2406,,,,,,barchart
,Downs,IL,,309-724-8312,,,,,,barchart
,McLean,IL,,309-874-2771,,,,,,barchart
,Albany,IL,,3098875310,,,,,,barchart
,Bureau Junction,IL,,(800) 669-2437,,,,,,barchart
,Grand Ridge,IL,,(815) 249 -6214,,,,,,barchart
,Hennepin,IL,,(815) 925-7300,,,,,,barchart
,Mazon,IL,,(815) 448-2175,,,,,,barchart
,Ransom,IL,,(815) 586- 4221,,,,,,barchart
,Savanna,IL,,(815) 900-7477,,,,,,barchart
,Varna,IL,,309-463-2061,,,,,,barchart
,Dorans,IL,,2172344955,,,,,,barchart
,Grand Ridge,IL,,8152495515,,,,,,barchart
,Grand Ridge,IL,,815-249-5515,,,,,,barchart
,Clinton,IL,,2179353271,,,,,,barchart
,Alexander,IL,,217-675-2393,,,,,,barchart
,Franklin,IL,,217-675-2393,,,,,,barchart
,Scottville,IL,,217-675-2393,,,,,,barchart
,Roanoke,IL,,309-923-3841,,,,,,barchart
,Graymont,IL,,815-743-5321,,,,,,barchart
,Naples,IL,,877-626-1867,,,,,,barchart
,Hartsburg,IL,,217-642-5211,,,,,,barchart
,Greenfield,IL,,217-368-2888,,,,,,barchart
,Greenfield,IL,,217-368-2888,,,,,,barchart
,Greenfield,IL,,217-368-2888,,,,,,barchart
,Hudson,IL,,309-726-1671,,,,,,barchart
,Blue Mound,IL,,(217) 692-2141,,,,,,barchart
,Decatur,IL,,N/A,,,,,,barchart
,Fillmore,IL,,(217) 538-2496,,,,,,barchart
,Litchfield,IL,,(217) 324-3915,,,,,,barchart
,Buckley,IL,,(217) 394-2331,,,,,,barchart
,Danforth,IL,,(815) 269-2390 ,,,,,,barchart
,Gilman,IL,,(815) 265-7211 ,,,,,,barchart
,Goodwine,IL,,815-457-2880,,,,,,barchart
,Hoopeston,IL,,217-375-4410,,,,,,barchart
,Ludlow,IL,,(217) 396-4111,,,,,,barchart
,Milford,IL,,815-889-4422,,,,,,barchart
,Paxton,IL,,(217) 379-4366,,,,,,barchart
,Piper City,IL,,(815) 686-2297,,,,,,barchart
,Wellington,IL,,815-889-4530,,,,,,barchart
,Seward,IL,,(815) 205-8495,,,,,,barchart
,Hennepin,IL,,815-925-9590,,,,,,barchart
,Chenoa,IL,,815-945-8513,,,,,,barchart
,Chenoa,IL,,815-945-7866,,,,,,barchart
,Dwight,IL,,815-584-2051,,,,,,barchart
,Pontiac,IL,,815-844-3121,,,,,,barchart
,Papineau,IL,,(815) 428-7367,,,,,,barchart
,Franklin,IL,,(217) 675-2288,,,,,,barchart
,Murrayville,IL,,(217) 882-5221,,,,,,barchart
,Champaign,IL,,N/A,,,,,,barchart
,Dewey,IL,,217-897-1111,,,,,,barchart
,Dillsburg,IL,,217-892-2200,,,,,,barchart
,Fairmount,IL,,217-733-2178,,,,,,barchart
,Farmer City,IL,,N/A,,,,,,barchart
,Ivesdale,IL,,217-564-2271,,,,,,barchart
,Jamaica,IL,,217-284-3292,,,,,,barchart
,Mansfield,IL,,217-489-2251,,,,,,barchart
,Rossville,IL,,217-748-6222,,,,,,barchart
,Royal,IL,,217-583-3105,,,,,,barchart
,Royal,IL,,217-569-2155,,,,,,barchart
,Royal,IL,,217-776-2255,,,,,,barchart
,Royal,IL,,217-568-7374,,,,,,barchart
,Royal,IL,,217-397-2245,,,,,,barchart
,Sadorus,IL,,217-598-2312,,,,,,barchart
,Sidney,IL,, 217-469-7600,,,,,,barchart
,Sidney,IL,,217-688-2307,,,,,,barchart
,Sidney,IL,,217-834-3395,,,,,,barchart
,Thomasboro,IL,,217-643-3215,,,,,,barchart
,Thomasboro,IL,,217-643-6515,,,,,,barchart
,Tolono,IL,,217-485-3133,,,,,,barchart
,Tolono,IL,,217-356-2615,,,,,,barchart
,Tolono,IL,,217-485-6630,,,,,,barchart
,Coles,IL,,217-234-2755,,,,,,barchart
,Cowden,IL,,217-783-2131 ,,,,,,barchart
,Decatur,IL,,1-800-442-8852,,,,,,barchart
,FINDLAY,IL,,2177568525,,,,,,barchart
,Farmer City,IL,,309-928-9431,,,,,,barchart
,Heyworth,IL,,800-322-4613,,,,,,barchart
,Le Roy,IL,,7654131017,,,,,,barchart
,Mattoon,IL,,217-234-3529,,,,,,barchart
,Sheldon,IL,,815-429-3888,,,,,,barchart
,Wapella,IL,,800-462-4084	,,,,,,barchart
,Watseka,IL,,815-432-4169,,,,,,barchart
,Watseka,IL,,815-432-4169,,,,,,barchart
,Athens,IL,,217-636-7171,,,,,,barchart
,Mechanicsburg,IL,,217-364-4438,,,,,,barchart
,Pleasant Plains,IL,,217-626-1331,,,,,,barchart
,Riverton,IL,,2176295971,,,,,,barchart
,Rochester,IL,,217-498-7213,,,,,,barchart
,Heyworth,IL,,309-473-2001,,,,,,barchart
,Bradford,IL,,309-897-7491,,,,,,barchart
,Hennepin,IL,,(815) 925-7300,,,,,,barchart
,Princeton,IL,,(815) 876-2900,,,,,,barchart
,Ancona,IL,,N/A,,,,,,barchart
,Blackstone,IL,, 815-265-6720,,,,,,barchart
,Gridley,IL,,815-265-6717,,,,,,barchart
,Leonore,IL,,815-265-6716,,,,,,barchart
,Long Point,IL,,815-854-2211,,,,,,barchart
,Lowpoint,IL,,309-443-5091,,,,,,barchart
,Minonk,IL,,N/A,,,,,,barchart
,Rutland,IL,,815-863-5014,,,,,,barchart
,Decatur,IL,,419-622-6151,,,,,,barchart
,Hennepin,IL,,815-925-9590,,,,,,barchart
,Spring Valley,IL,,815-894-2013,,,,,,barchart
,Raymond,IL,,217-229-3412,,,,,,barchart
,Stanford,IL,,309-379-2141,,,,,,barchart
,Lena,IL,,815-809-2667,,,,,,barchart
,Lena,IL,,(815) 809-2667,,,,,,barchart
,Pearl City,IL,,815-809-2667,,,,,,barchart
,Hennepin,IL,,N/A,,,,,,barchart
,Princeton,IL,,N/A,,,,,,barchart
,Chrisman,IL,,217-269-2841,,,,,,barchart
,Martinsville,IL,,217-382-5722,,,,,,barchart
,Strasburg,IL,,217-644-2266,,,,,,barchart
,Westfield,IL,,217-967-5225,,,,,,barchart
,Mt. Olive,IL,,217-999-2161,,,,,,barchart
,Palmyra,IL,,217-435-2361,,,,,,barchart
,Pisgah,IL,, 217-243-7511,,,,,,barchart
,Waverly,IL,,2174352361,,,,,,barchart
,Waverly,IL,,217-435-2361,,,,,,barchart
, Monticello,IL,,217-762-2163,,,,,,barchart
,Atlanta,IL,,217-648-2318,,,,,,barchart
,Bement,IL,,217-678-2261,,,,,,barchart
,Cisco,IL,,217-669-2141,,,,,,barchart
,Decatur,IL,,217-762-2163,,,,,,barchart
,Decatur,IL,,N/A,,,,,,barchart
,Havana,IL,,13095432267,,,,,,barchart
,LaPlace,IL,,217-677-2111,,,,,,barchart
,Lincoln,IL,,217-732-4277,,,,,,barchart
,Lincoln,IL,,217-735-1178,,,,,,barchart
,Maroa,IL,,217-794-2240,,,,,,barchart
,Milmine,IL,,217-763-6311,,,,,,barchart
,Pierson,IL,,217-615-1349,,,,,,barchart
,Seymour,IL,,217-687-4540,,,,,,barchart
,Waynesville,IL,,217-949-3941,,,,,,barchart
,Arcola,IL,,N/A,,,,,,barchart
,Cadwell,IL,,N/A,,,,,,barchart
,Casey,IL,,N/A,,,,,,barchart
,Champaign,IL,,N/A,,,,,,barchart
,Charleston,IL,,N/A,,,,,,barchart
,Hillsboro,IL,,N/A,,,,,,barchart
,Ingraham,IL,,N/A,,,,,,barchart
,Kansas,IL,,N/A,,,,,,barchart
,Lovington,IL,,(217) 873-4301,,,,,,barchart
,Neoga,IL,,(217) 895-2217,,,,,,barchart
,Shelbyville,IL,,(217) 774-2888,,,,,,barchart
,Shelbyville,IL,,(217) 774-3901,,,,,,barchart
,Windsor,IL,,(217) 459-2711,,,,,,barchart
,Pekin,IL,,N/A,,,,,,barchart
,Ashkum,IL,,815-698-2213,,,,,,barchart
,Savanna,IL,,N/A,,,,,,barchart
,Arenzville,IL,,(217) 997-5538,,,,,,barchart
,Ashland,IL,,N/A,,,,,,barchart
,Ashland,IL,,N/A,,,,,,barchart
,Beardstown,IL,,2179093004,,,,,,barchart
,Beardstown,IL,,2179093004,,,,,,barchart
,Bluff Springs,IL,,N/A,,,,,,barchart
,Chandlerville,IL,,N/A,,,,,,barchart
,Chapin,IL,,N/A,,,,,,barchart
,Creve Coeur,IL,,N/A,,,,,,barchart
,Easton,IL,,(309) 640-0167,,,,,,barchart
,Easton,IL,,3096400854,,,,,,barchart
,Fiatt,IL,,(309) 789-6203,,,,,,barchart
,Forest City,IL,,N/A,,,,,,barchart
,Havana,IL,,N/A,,,,,,barchart
,Havana,IL,,N/A,,,,,,barchart
,Havana,IL,,N/A,,,,,,barchart
,Manito,IL,,N/A,,,,,,barchart
,Meredosia,IL,,2179093004,,,,,,barchart
,Naples,IL,,N/A,,,,,,barchart
,Pekin,IL,,N/A,,,,,,barchart
,Petersburg,IL,,(217) 632-7307,,,,,,barchart
,Pittsfield,IL,,217-909-3004,,,,,,barchart
,Rushville,IL,,N/A,,,,,,barchart
,South Jacksonville,IL,,217-243-0509,,,,,,barchart
,Tallula,IL,,N/A,,,,,,barchart
,Virginia,IL,,N/A,,,,,,barchart
,Crescent City,IL,,(815) 683 2105,,,,,,barchart
,Attica,IN,,765-762-6763,,,,,,barchart
,Beech Grove,IN,,800-382-5022,,,,,,barchart
,Beech Grove,IN,,317-783-3321,,,,,,barchart
,Frankfort,IN,,765-654-4411,,,,,,barchart
,Logansport,IN,,574-753-0561,,,,,,barchart
,Parr,IN,,219-866-8244,,,,,,barchart
,Swanington,IN,,765-884-0290,,,,,,barchart
,Woodburn,IN,,260-632-4284,,,,,,barchart
,Peru,IN,,(219) 843-8448,,,,,,barchart
,Waldron,IN,,765-525-6672,,,,,,barchart
,Boswell,IN,,765-869-5527,,,,,,barchart
,Dana,IN,,217-784-1980,,,,,,barchart
,Indianapolis,IN,,800-358-7877,,,,,,barchart
,Lafayette,IN,,765-420-0999,,,,,,barchart
,Linden,IN,,800-358-7877,,,,,,barchart
,Tipton,IN,,765-415-5004,,,,,,barchart
,Swayzee,IN,,765-922-7474,,,,,,barchart
,Swayzee,IN,,7569227458,,,,,,barchart
,Amboy,IN,,(765) 395-7744,,,,,,barchart
,Elwood,IN,,(765) 552-7311,,,,,,barchart
,Kokomo,IN,,(765) 469-2882,,,,,,barchart
,Marion,IN,,?(888) 384-2676,,,,,,barchart
,Falmouth,IN,,N/A,,,,,,barchart
,Glenwood,IN,,N/A,,,,,,barchart
,Greensburg,IN,,812-663-5175,,,,,,barchart
,Madison,IN,,877-626-1867,,,,,,barchart
,Idaville,IN,,(574) 943-3215,,,,,,barchart
,Monticello,IN,,574-583-5044,,,,,,barchart
, Goodland,IN,,219-233-5975,,,,,,barchart
,Kentland ,IN,,219-474-5128,,,,,,barchart
,Frankfort,IN,,765-654-6150,,,,,,barchart
,Frankfort,IN,,765-249-2258,,,,,,barchart
,New Castle,IN,,765-256-4711,,,,,,barchart
,Reynolds,IN,,219-984-5682,,,,,,barchart
,Knightstown,IN,,N/A,,,,,,barchart
,Amboy,IN,,(765) 395-7787,,,,,,barchart
,Anderson,IN,,765-754-7541,,,,,,barchart
,Edinburgh,IN,,(800) 284-2676,,,,,,barchart
,Frankfort,IN,,765-236-4163,,,,,,barchart
,Kokomo,IN,,(765) 457-7211,,,,,,barchart
,Lafayette,IN,,(765) 457-7211,,,,,,barchart
,Markleville,IN,,765-779-4404,,,,,,barchart
,Winamac,IN,,(574) 946-6101,,,,,,barchart
,Rushville,IN,,765-932-2981,,,,,,barchart
,Leiters Ford,IN,,574-542-4030,,,,,,barchart
,Greensburg,IN,,812-663-7863,,,,,,barchart
,Matthews ,IN,,765-998-2743,,,,,,barchart
,Alexandria,IN,,(765) 724-4384,,,,,,barchart
,Cloverdale,IN,,(765) 264-8600,,,,,,barchart
,Shelbyville,IN,,(317) 699-4199,,,,,,barchart
,Fowler,IN,,765-884-1250,,,,,,barchart
,Francesville,IN,,219-567-9131,,,,,,barchart
,Lafayette,IN,,765-477-5365,,,,,,barchart
,Eaton,IN,,765.282.6226,,,,,,barchart
,Delphi,IN,,765-564-6133,,,,,,barchart
,Logansport,IN,,574-737-2480,,,,,,barchart
,Oakville,IN,,765-288-1951,,,,,,barchart
,Wolcott,IN,,219-279-2115,,,,,,barchart
,Mexico,IN,,765-985-3530,,,,,,barchart
,DeMotte,IN,,219-987-4343,,,,,,barchart
,Fair Oaks,IN,,(219) 956-3151,,,,,,barchart
,Morocco,IN,,(219) 285-2055,,,,,,barchart
,Rensselaer,IN,,(219) 866-3164,,,,,,barchart
,Wheatfield,IN,,(219) 956-3151,,,,,,barchart
,Rochester,IN,,574-223-3175,,,,,,barchart
"CSC Gold, Inc.",Overland Park,KS,,,11880 College Blvd,dealer+warehouse,,,,registry-wi
"Redwood Group, LLC (The)",Mission,KS,,,5920 Nail Ave,dealer+warehouse,,,,registry-wi
Scoular Company (The),Overland Park,KS,,,10801 Mastin Ste 800,dealer+warehouse,,,,registry-wi
,Abilene,KS,,785-263-1631,,,,,,barchart
,Hutchinson,KS,,620-662-4721,,,,,,barchart
,Altamont,KS,,620-784-2366,,,,,,barchart
,Erie,KS,,620-244-3224,,,,,,barchart
,Erie,KS,,620-244-3277,,,,,,barchart
,Parsons,KS,,620-421-1170,,,,,,barchart
,St. Paul,KS,,620-449-8500,,,,,,barchart
,Thayer,KS,,620-839-5888,,,,,,barchart
,Walnut,KS,,620-354-6424,,,,,,barchart
,Abbyville,KS,,16202865201,,,,,,barchart
,Axtell,KS,,785-736-2245,,,,,,barchart
,Baileyville,KS,,785-336-6601,,,,,,barchart
,Belvue,KS,,785-456-9190,,,,,,barchart
,Centralia,KS,,785-857-3327,,,,,,barchart
,Corning,KS,,785-868-2040,,,,,,barchart
,Seneca,KS,,785-336-3141,,,,,,barchart
,St. Marys,KS,,785-437-2984,,,,,,barchart
,Topeka,KS,,785-235-3494,,,,,,barchart
,Vliets,KS,,785-382-6214,,,,,,barchart
,Wamego,KS,,785-456-9600,,,,,,barchart
,Burlingame,KS,,785-654-3611,,,,,,barchart
,Clay Center,KS,,785-632-5632,,,,,,barchart
,Clifton,KS,,785-455-3315,,,,,,barchart
,Clyde,KS,,785-446-3544,,,,,,barchart
,Greenleaf,KS,,785-747-2236,,,,,,barchart
,Holton,KS,,N/A,,,,,,barchart
,Leonardville,KS,,785-293-5267,,,,,,barchart
,Linn,KS,,785-747-2236 ext 1,,,,,,barchart
,Meriden,KS,,N/A,,,,,,barchart
,Miltonvale,KS,,785-427-2271,,,,,,barchart
,Overbrook,KS,,785-665-7143,,,,,,barchart
,Scranton,KS,,785-793-2296,,,,,,barchart
,Topeka,KS,,785-862-8605,,,,,,barchart
,Hope,KS,,785-366-7213,,,,,,barchart
,Dundee,KS,,N/A,,,,,,barchart
,Ellinwood,KS,,N/A,,,,,,barchart
,Great Bend,KS,,N/A,,,,,,barchart
,Pawnee Rock,KS,,N/A,,,,,,barchart
,Radium,KS,,N/A,,,,,,barchart
,Seward,KS,,N/A,,,,,,barchart
,Anthony,KS,,620-842-3703,,,,,,barchart
,Harper,KS,,620-896-7511,,,,,,barchart
,Sharon,KS,,620-294-5530 ,,,,,,barchart
,Bartlett,KS,,620-226-3322,,,,,,barchart
,Cherryvale,KS,,620-702-1050,,,,,,barchart
,Great Bend,KS,,620-792-0526,,,,,,barchart
,Wichita,KS,,316-838-7421,,,,,,barchart
,Altamont,KS,,620-784-2366,,,,,,barchart
,Erie,KS,,620-244-3224,,,,,,barchart
,Erie,KS,,620-244-3277,,,,,,barchart
,Parsons,KS,,620-421-1170,,,,,,barchart
,St. Paul,KS,,620-449-8500,,,,,,barchart
,Thayer,KS,,620-839-5888,,,,,,barchart
,Walnut,KS,,620-354-6424,,,,,,barchart
,Colwich,KS,,(316) 789-2500,,,,,,barchart
,Hutchinson,KS,,1-785-452-3339,,,,,,barchart
,Hutchinson,KS,,1-785-452-3339,,,,,,barchart
,Topeka,KS,,913-752-1244,,,,,,barchart
,Topeka,KS,,913-752-1244,,,,,,barchart
,Wichita,KS,,(785) 452 - 3339,,,,,,barchart
,Alden,KS,,620-534-2145 ,,,,,,barchart
,Bushton,KS,,620-562-3611,,,,,,barchart
,Chase,KS,,620-938-2979,,,,,,barchart
,Claflin,KS,,620-587-3346,,,,,,barchart
,Frederick,KS,,620-257-2636,,,,,,barchart
,Geneseo,KS,,620-824-6323,,,,,,barchart
,Hutchinson,KS,,620-665-5575,,,,,,barchart
,Little River,KS,,620-897-6226,,,,,,barchart
,Lorraine,KS,,785-472-5271,,,,,,barchart
,Lyons,KS,,620-257-2181,,,,,,barchart
,Nickerson,KS,,620-422-3207,,,,,,barchart
,Partridge,KS,,620-567-2345,,,,,,barchart
,Pollard,KS,,620-257-2640,,,,,,barchart
,Sterling,KS,,620-278-3629,,,,,,barchart
,Sterling,KS,,620-278-2513,,,,,,barchart
,Yoder,KS,,620-465-9888,,,,,,barchart
,Anthony,KS,,580-242-0515,,,,,,barchart
,Arkansas City,KS,,580-242-0515,,,,,,barchart
,Atlanta,KS,,580-242-0515,,,,,,barchart
,Attica,KS,,580-242-0515,,,,,,barchart
,Baxter Springs,KS,,580-242-0515,,,,,,barchart
,Belle Plaine,KS,,580-242-0515,,,,,,barchart
,Burden,KS,,316-542-3435,,,,,,barchart
,Burrton,KS,,620-463-2320,,,,,,barchart
,Caldwell,KS,,580-242-0515,,,,,,barchart
,Canton,KS,,N/A,,,,,,barchart
,Clearwater,KS,,580-242-0515,,,,,,barchart
,Columbus,KS,,580-242-0515,,,,,,barchart
,Conway Springs,KS,,580-242-0515,,,,,,barchart
,Geuda Springs,KS,,580-242-0515,,,,,,barchart
,Geuda Springs,KS,,580-242-0515,,,,,,barchart
,Halstead,KS,,316-835-2261,,,,,,barchart
,Harper,KS,,580-242-0515,,,,,,barchart
,Harper,KS,,580-242-0515,,,,,,barchart
,Hillsboro,KS,,N/A,,,,,,barchart
,Lehigh,KS,,N/A,,,,,,barchart
,Marion,KS,,N/A,,,,,,barchart
,Marion,KS,,N/A,,,,,,barchart
,McCune,KS,,580-242-0515,,,,,,barchart
,Mt. Hope,KS,,316-667-2441,,,,,,barchart
,Mulvane,KS,,580-242-0515,,,,,,barchart
,New Cambria,KS,,N/A,,,,,,barchart
,Scammon,KS,,316-542-3435,,,,,,barchart
,Sedgwick,KS,,316-796-0367,,,,,,barchart
,Sharon,KS,,580-242-0515,,,,,,barchart
,Shook,KS,,580-242-0515,,,,,,barchart
,Spring,KS,,580-242-0515,,,,,,barchart
,Udall,KS,,580-242-0515,,,,,,barchart
,Wellington,KS,,N/A,,,,,,barchart
,Wellington,KS,,N/A,,,,,,barchart
,Winfield,KS,,580-242-0515,,,,,,barchart
,Winfield,KS,,580-242-0515,,,,,,barchart
,Winfield,KS,,N/A,,,,,,barchart
,Winfield,KS,,580-242-0515,,,,,,barchart
,Belle Plaine,KS,,620-488-3537,,,,,,barchart
,Conway Springs,KS,,620-456-2222,,,,,,barchart
,Morganville,KS,,785-926-3264,,,,,,barchart
,Beattie,KS,,785-353-2237,,,,,,barchart
,Blue Rapids,KS,,785-363-7731,,,,,,barchart
,EMPORIA,KS,,800-835-2562,,,,,,barchart
,Frankfort,KS,,785-292-4403,,,,,,barchart
,Frankfort,KS,,785-292-6200,,,,,,barchart
,Hanover,KS,,785-337-2222,,,,,,barchart
,Marietta,KS,,402-946-2211,,,,,,barchart
,Marysville,KS,,785-744-3226,,,,,,barchart
,Waterville,KS,,785-363-2555,,,,,,barchart
,Baxter Springs,KS,,620-856-2365,,,,,,barchart
,Chetopa,KS,,(620) 597-2636,,,,,,barchart
,Columbus,KS,,620-429-2296,,,,,,barchart
,Galena,KS,,(620) 389-2703,,,,,,barchart
,Burrton,KS,,620-463-2320,,,,,,barchart
,Halstead,KS,,316-835-2261,,,,,,barchart
,Mt. Hope,KS,,316-667-2441,,,,,,barchart
,Sedgwick,KS,,316-796-0367,,,,,,barchart
,Isabel,KS,,620-739-4335,,,,,,barchart
,Nashville,KS,,620-246-5226,,,,,,barchart
,Nashville,KS,,620-246-5262,,,,,,barchart
,Sawyer,KS,,620-594-2209,,,,,,barchart
,Zenda,KS,,620-243-5421,,,,,,barchart
,Topeka,KS,,N/A,,,,,,barchart
,Wakefield,KS,,7854615712,,,,,,barchart
,Hutchinson,KS,,620-662-0239,,,,,,barchart
,Holton,KS,,7853643161,,,,,,barchart
,Meriden,KS,,7854843360,,,,,,barchart
,Lyons,KS,,N/A,,,,,,barchart
,Andale,KS,,(316) 444-2141,,,,,,barchart
,Byers,KS,,(620) 546-2276,,,,,,barchart
,Cheney,KS,,316-542-3181,,,,,,barchart
,Coats,KS,,(620) 893-2322,,,,,,barchart
,Colwich,KS,,(316) 796-1314,,,,,,barchart
,Garden Plain,KS,,(316) 535-2221,,,,,,barchart
,Iuka,KS,,(620) 546-2231,,,,,,barchart
,Kingman,KS,,(620) 297-3911,,,,,,barchart
,Macksville,KS,,(620) 549-3852,,,,,,barchart
,Milton,KS,,(620) 478-2458,,,,,,barchart
,Norwich,KS,,(620) 478-2272,,,,,,barchart
,Pratt,KS,,(620) 672-6761,,,,,,barchart
,Pratt,KS,,(620) 672-6884,,,,,,barchart
,Pretty Prairie,KS,,(620)459-6413,,,,,,barchart
,Pretty Prairie,KS,,(620) 459-6413,,,,,,barchart
,Rago,KS,,(620) 297-3911,,,,,,barchart
,Sedgwick,KS,,(316) 772-5141,,,,,,barchart
,St. John,KS,,(620) 549-3441,,,,,,barchart
,St. John,KS,,(620) 549-3531,,,,,,barchart
,Stafford,KS,,(620) 234-5423,,,,,,barchart
,Stafford,KS,,(620) 546-2231,,,,,,barchart
,Valley Center,KS,,(316) 744-0438,,,,,,barchart
,Viola,KS,,(620) 545-7138,,,,,,barchart
,Wichita,KS,,316-542-3182,,,,,,barchart
,Emporia,KS,,N/A,,,,,,barchart
, Liberty,KS,,620-485-3215,,,,,,barchart
,Abilene,KS,,785-263-1660 ,,,,,,barchart
,Alta Vista,KS,,785-499-6321,,,,,,barchart
,Anthony,KS,,620-962-7010,,,,,,barchart
,Argonia,KS,,620-962-7015,,,,,,barchart
,Argonia,KS,,620-962-7014,,,,,,barchart
,Benton,KS,,316-778-1181 ,,,,,,barchart
,Bluff City,KS,,620-967-4411,,,,,,barchart
,Buhler,KS,,620-543-2765 ,,,,,,barchart
,Burns,KS,,620-726-5287 ,,,,,,barchart
,Caldwell,KS,,620-845-2209,,,,,,barchart
,Canton,KS,,620-350-8197 ,,,,,,barchart
,Castleton,KS,,620-459-6950 ,,,,,,barchart
,Coffeyville,KS,,620-251-9080,,,,,,barchart
,Danville,KS,,620-962-5238,,,,,,barchart
,Florence,KS,,620-878-4461,,,,,,barchart
,Groveland,KS,,620-585-6649,,,,,,barchart
,Haven,KS,,620-465-2292,,,,,,barchart
,Hilton,KS,,620-241-8010,,,,,,barchart
,Lindsborg,KS,,785-227-3361,,,,,,barchart
,Longford,KS,,785-388-2420,,,,,,barchart
,Manhattan,KS,,785-776-9467 ,,,,,,barchart
,Marquette,KS,,785-546-2214,,,,,,barchart
,McPherson,KS,,620-585-6649,,,,,,barchart
,Milan,KS,,620-399-7060,,,,,,barchart
,Moundridge,KS,,620-345-6328,,,,,,barchart
,North Newton,KS,,316-283-2980,,,,,,barchart
,Onaga,KS,,785-889-4226,,,,,,barchart
,Oxford,KS,,620-455-2224,,,,,,barchart
,Peabody,KS,,620-983-2139,,,,,,barchart
,Rice County,KS,,620-904-4473,,,,,,barchart
,South Haven,KS,,620-892-7003,,,,,,barchart
,Talmage,KS,,785-388-2714,,,,,,barchart
,Walton,KS,,620-837-3313,,,,,,barchart
,Wellington,KS,,620-326-7496,,,,,,barchart
,Wellington,KS,,620-514-4026,,,,,,barchart
,Whitewater,KS,,316-799-2131,,,,,,barchart
,Wichita Terminal,KS,,316-838-1325,,,,,,barchart
,Girard,KS,,N/A,,,,,,barchart
,Pittsburg,KS,,620-232-5800,,,,,,barchart
,Severy,KS,,620-736-2011,,,,,,barchart
,Cunningham,KS,,(620) 298-2011,,,,,,barchart
,Hudson,KS,,620-458-4121,,,,,,barchart
,Claflin,KS,,N/A,,,,,,barchart
,Claflin,KS,,N/A,,,,,,barchart
,Ellsworth,KS,,N/A,,,,,,barchart
,Holyrood,KS,,N/A,,,,,,barchart
,Kanopolis,KS,,N/A,,,,,,barchart
,Wilson,KS,,N/A,,,,,,barchart
,Pittsburg,KS,,620-232-5800,,,,,,barchart
,Pratt,KS,,620-933-2440,,,,,,barchart
,Salina,KS,,785-823-6001,,,,,,barchart
,Turon,KS,,620-497-6417,,,,,,barchart
,Alma,KS,,N/A,,,,,,barchart
"Stephenson Marketing Cooperative, Inc.",Stephenson,MI,,,PO Box 399,dealer+warehouse,,,,registry-wi
,Grand Ledge,MI,,517-627-4017,,,,,,barchart
,Ottawa Lake,MI,,N/A,,,,,,barchart
,Webberville,MI,,517-521-3400,,,,,,barchart
,Shepherd,MI,,9898285985,,,,,,barchart
,Caledonia,MI,,6168918108,,,,,,barchart
,Charlotte,MI,,6163748061,,,,,,barchart
,Lake Odessa,MI,,6163748061,,,,,,barchart
,Lake odessa,MI,,616-374-4000,,,,,,barchart
,Freeland,MI,,989-695-9131,,,,,,barchart
,Marshall,MI,,269-781-2245,,,,,,barchart
,Saline,MI,,734-429-5740,,,,,,barchart
,Blissfield,MI,,517-486-2171,,,,,,barchart
,Breckenridge,MI,,989-842-3104,,,,,,barchart
,Jasper,MI,,517-436-3126,,,,,,barchart
,Middleton,MI,,989-236-7263,,,,,,barchart
,Lennon,MI,,810-621-3320,,,,,,barchart
,Lake Odessa,MI,,616-374-7027,,,,,,barchart
,Charlotte,MI,,517-541-1449,,,,,,barchart
,Frankenmuth,MI,,989-652-9971,,,,,,barchart
,Potterville,MI,,517-645-2421,,,,,,barchart
,Shepherd,MI,,9898285985,,,,,,barchart
,Vermontville,MI,,517-726-0514,,,,,,barchart
,Charlotte,MI,,517-541-1449,,,,,,barchart
,Albion,MI,,517-629-9427,,,,,,barchart
,Hemlock,MI,,989-642-5291,,,,,,barchart
,Oakley,MI,,989-845-7667,,,,,,barchart
"Cargill, Incorporated",Minneapolis,MN,,,PO Box 5606,dealer+warehouse,,,,registry-wi
CHS Inc.,St. Paul,MN,,,PO Box 64089 MS 301,dealer+warehouse,,,,registry-wi
"General Mills, Inc.",Minneapolis,MN,,,1 General Mills Blvd.  W04-C,dealer+warehouse,,,,registry-wi
"Grain Millers, Inc.",Eden Prairie,MN,,,10400 Viking Dr. Suite 301,dealer+warehouse,,,,registry-wi
Hormel Foods Corporation,Austin,MN,,,1 Hormel Place,dealer+warehouse,,,,registry-wi
"Land O'Lakes, Inc.",Arden Hills,MN,,,4001 Lexington Ave. N,dealer+warehouse,,,,registry-wi
"Red Wing Grain, LLC",Red Wing,MN,,,810 Levee Rd.,dealer+warehouse,,,,registry-wi
Riverland Ag Corp.,Golden Valley,MN,,,701 Xenia Ave S Ste 400,dealer+warehouse,,,,registry-wi
,Mankato,MN,,800-328-8075,,,,,,barchart
,St Paul,MN,,651-292-9796,,,,,,barchart
,Winona,MN,,507-452-3562,,,,,,barchart
,Gaylord,MN,,N/A,,,,,,barchart
,Barnesville,MN,,218-493-4481,,,,,,barchart
,Claremont,MN,,507-681-7101,,,,,,barchart
,Winthrop,MN,,507-681-7101,,,,,,barchart
,Albert Lea,MN,,5073733133,,,,,,barchart
,Minneapolis,MN,,N/A,,,,,,barchart
,Savage,MN,,952-890-1010,,,,,,barchart
,Shakopee,MN,,N/A,,,,,,barchart
,Comstock,MN,,2185854616,,,,,,barchart
,Bigelow,MN,,N/A,,,,,,barchart
,Rushmore,MN,,N/A,,,,,,barchart
,Fairmont,MN,,800-652-9727,,,,,,barchart
,Kasson,MN,,507-634-7545,,,,,,barchart
,Mankato,MN,,800-652-9727,,,,,,barchart
,Ostrander,MN,,507-657-2234,,,,,,barchart
,Savage,MN,,651-355-6599,,,,,,barchart
,Winona,MN,,507-452-1993,,,,,,barchart
,Wykoff,MN,,507-352-5281,,,,,,barchart
,Luverne,MN,,507-283-4418,,,,,,barchart
,Magnolia,MN,,507-283-4418,,,,,,barchart
,Pipestone,MN,,507-825-5841,,,,,,barchart
,Ruthton,MN,,507-658-3450,,,,,,barchart
,Fergus Falls,MN,,218-736-2648,,,,,,barchart
,Fergus Falls,MN,,218-736-2648,,,,,,barchart
,Underwood,MN,,218-826-6701,,,,,,barchart
, Callaway,MN,,218-375-2551,,,,,,barchart
,Ada,MN,,218-784-7129,,,,,,barchart
,Beltrami,MN,,218-926-5522,,,,,,barchart
,Crookston,MN,,218-281-5273,,,,,,barchart
,Mahnomen,MN,,218-935-2261,,,,,,barchart
,Ulen,MN,,218-596-8821,,,,,,barchart
,Savage,MN,,952-891-3221,,,,,,barchart
, St. James,MN,,507-375-1411,,,,,,barchart
,Clarks Grove,MN,,507-256-7217,,,,,,barchart
,Delavan,MN,,507-854-3204,,,,,,barchart
,Freeborn,MN,,507-863-2191,,,,,,barchart
,Hayfield,MN,,507-477-2244,,,,,,barchart
,Kenyon,MN,,507-789-5151,,,,,,barchart
,Lewisville,MN,,507-435-4151,,,,,,barchart
,Northfield,MN,,507-645-9385,,,,,,barchart
,Randolph,MN,,507-263-2050,,,,,,barchart
,St. James,MN,,507-375-1407,,,,,,barchart
,Truman,MN,,507-776-2831,,,,,,barchart
,Welcome,MN,,507-728-8253,,,,,,barchart
,Brownton,MN,,N/A,,,,,,barchart
,Buffalo Lake,MN,,(320) 833-5321,,,,,,barchart
,Cobden,MN,,507-794-7390,,,,,,barchart
,Cologne,MN,,952-466-5518,,,,,,barchart
,Fairfax,MN,,(507) 426-7205,,,,,,barchart
,Gibbon,MN,,(507) 834-6534,,,,,,barchart
,Hector,MN,,320.848.2273,,,,,,barchart
,Klossner,MN,,507-232-5480,,,,,,barchart
,LeSueur,MN,,507-665-6421,,,,,,barchart
,New Ulm,MN,,507-354-4149,,,,,,barchart
,Sleepy Eye,MN,,507-794-5831,,,,,,barchart
,Winthrop,MN,,507-794-3031,,,,,,barchart
,Winthrop,MN,,507-232-1058,,,,,,barchart
,Chandler,MN,,507-677-2237,,,,,,barchart
,Edgerton,MN,,N/A,,,,,,barchart
,Hardwick,MN,,507-669-2115,,,,,,barchart
,Leota,MN,,15074435381,,,,,,barchart
,Pipestone,MN,,507-825-5751,,,,,,barchart
,Woodstock,MN,,N/A,,,,,,barchart
,Sleepy Eye,MN,,507-794-5310,,,,,,barchart
,Savage,MN,,952-890-1010,,,,,,barchart
,Hope,MN,,507-414-0036,,,,,,barchart
,Lake Crystal,MN,,507-726-2051,,,,,,barchart
,Madelia,MN,,507-642-3276,,,,,,barchart
,Trimont,MN,,507-639-2031,,,,,,barchart
,Vernon Center,MN,,507-549-3722,,,,,,barchart
,Eldred,MN,,2182811364,,,,,,barchart
,Houston,MN,,507-896-3147,,,,,,barchart
,Mabel,MN,,507-493-5070,,,,,,barchart
,Rushford,MN,,507-864-2161,,,,,,barchart
,Spring Grove,MN,,507-498-5321,,,,,,barchart
,Comfrey,MN,,N/A,,,,,,barchart
,Morgan,MN,,N/A,,,,,,barchart
,Morton,MN,,N/A,,,,,,barchart
,Springfield,MN,,N/A,,,,,,barchart
,Kiester,MN,,(507) 294-3697,,,,,,barchart
,Fergus Falls,MN,,218.998.4301,,,,,,barchart
,Hadley,MN,,5078366363,,,,,,barchart
,Harmony,MN,,5078866062,,,,,,barchart
,Faribault,MN,,507-334-3192,,,,,,barchart
,Perham,MN,,218-346-4700,,,,,,barchart
,Mountain Lake,MN,,507-427-2821,,,,,,barchart
,Bricelyn,MN,,N/A,,,,,,barchart
,Glyndon ,MN,,N/A,,,,,,barchart
,Moorhead,MN,,N/A,,,,,,barchart
,Rothsay,MN,,N/A,,,,,,barchart
,Sabin,MN,,N/A,,,,,,barchart
,New Richland,MN,,507-465-8262,,,,,,barchart
,Gaylord,MN,, (507) 237-4600,,,,,,barchart
,Breckenridge,MN,,218-643-8464,,,,,,barchart
,Kent,MN,,218-557-8327,,,,,,barchart
,Le Center,MN,,507-357-6841,,,,,,barchart
,Montgomery,MN,,507-357-6841,,,,,,barchart
,Webster,MN,,507-357-6841,,,,,,barchart
,Howard Lake,MN,,800-245-7717,,,,,,barchart
,Worthington,MN,,(507) 372-7791,,,,,,barchart
,Adrian,MN,,1-800-657-3200,,,,,,barchart
,Beaver Creek,MN,,1-800-657-3200,,,,,,barchart
,Ellsworth,MN,,(507) 967-2434,,,,,,barchart
,Fairmont,MN,,(507) 625-7911,,,,,,barchart
,Hills,MN,,1-800-657-3200,,,,,,barchart
,Magnolia,MN,,1-800-657-3200,,,,,,barchart
,Mankato,MN,,N/A,,,,,,barchart
,Mankato,MN,,N/A,,,,,,barchart
,Mankato,MN,,(507) 625-7947,,,,,,barchart
,Mountain Lake,MN,,507-427-2421,,,,,,barchart
,Reading,MN,,507-926-5185,,,,,,barchart
,Wilmont,MN,,507-926-5141,,,,,,barchart
,Windom,MN,,507-831-0016,,,,,,barchart
,Adams,MN,,507-582-3641,,,,,,barchart
,Alden,MN,,507-874-3421,,,,,,barchart
,Blooming Prairie,MN,,507-242-0109,,,,,,barchart
,Brownsdale,MN,,507-567-2234,,,,,,barchart
,Conger,MN,,507-265-3231,,,,,,barchart
,Emmons,MN,,507-297-5412,,,,,,barchart
,Lansing,MN,,N/A,,,,,,barchart
,Leroy,MN,,507-324-5242,,,,,,barchart
,London,MN,,641-324-2761,,,,,,barchart
,Minnesota Lake,MN,,507-3061906,,,,,,barchart
,Oakland,MN,,507-437-3219,,,,,,barchart
,Rose Creek,MN,,507-437-8244,,,,,,barchart
,Wells,MN,,507-306-1932,,,,,,barchart
,Bingham Lake,MN,,507-831-0063,,,,,,barchart
,Lake Crystal,MN,,507-726-2645,,,,,,barchart
,Preston,MN,,507-765-4548,,,,,,barchart
,Pemberton,MN,,507-869-3335,,,,,,barchart
,Breckenridge,MN,,218-643-3738,,,,,,barchart
,Sargeant,MN,,(507) 584-6870,,,,,,barchart
,Blue Earth,MN,,507-464-3333,,,,,,barchart
,Blue Earth,MN,,N/A,,,,,,barchart
,Fertile,MN,,218-945-3111,,,,,,barchart
, Winthrop,MN,,507-232-1064,,,,,,barchart
,Bird Island,MN,,320-365-4012,,,,,,barchart
,Brownton,MN,,320-328-4002,,,,,,barchart
,Buffalo Lake,MN,,320-833-5321,,,,,,barchart
,Cobden,MN,,507-794-7390,,,,,,barchart
,Cologne,MN,,952-466-5518,,,,,,barchart
,Fairfax,MN,,507-426-8263,,,,,,barchart
,Gibbon,MN,,507-834-6534,,,,,,barchart
,Hector,MN,,320-833-5231,,,,,,barchart
,Le Sueur,MN,,507-665-6421,,,,,,barchart
,New Ulm,MN,,507-354-4149,,,,,,barchart
,New Ulm,MN,,507-359-4519,,,,,,barchart
,Sleepy Eye,MN,,(507) 794-3031,,,,,,barchart
,Halstad,MN,,7018472261,,,,,,barchart
,Ada,MN,,218-784-4752 ,,,,,,barchart
,Beltrami,MN,,218-945-6021,,,,,,barchart
,Callaway,MN,,218-610-0141,,,,,,barchart
,Crookston,MN,,218-281-2881,,,,,,barchart
,Mahnomen,MN,,218-935-9356,,,,,,barchart
,Ulen,MN,,218-596-8821,,,,,,barchart
,Utica,MN,,507-524-2326,,,,,,barchart
"World Food Processing, L.L.C.",Minneapolis,MN,,,811 Glenwood Ave. Ste 230,dealer+warehouse,,,,registry-wi
StoneX Commodity Solutions LLC,Kansas City,MO,,,1251 NW Briarcliff Pkwy,dealer+warehouse,,,,registry-wi
,Carthage,MO,,417-358-2197,,,,,,barchart
,Deerfield,MO,,417-927-3400,,,,,,barchart
,Mexico,MO,,573-581-4195,,,,,,barchart
,Brunswick,MO,,800-279-4229,,,,,,barchart
,Farber,MO,,5732494100,,,,,,barchart
,Marshall,MO,,(660) 886-6976,,,,,,barchart
,CHAMOIS,MO,,5733558716,,,,,,barchart
,TIPTON,MO,,5733558716,,,,,,barchart
,Clarence,MO,,660-699-3865,,,,,,barchart
,Caruthersville,MO,,573-359-0036,,,,,,barchart
,Monroe City,MO,,573-735-4543,,,,,,barchart
,Boonville,MO,,660-882-2786,,,,,,barchart
,Fayette,MO,,660-248-3303,,,,,,barchart
,Glasgow,MO,,660-338-2251,,,,,,barchart
,Salisbury,MO,,660-388-6421 ,,,,,,barchart
,Centralia,MO,,(855)505-5165,,,,,,barchart
,Smithton,MO,,N/A,,,,,,barchart
,Laddonia,MO,,573-721-2251,,,,,,barchart
,Macon,MO,,660-385-5753,,,,,,barchart
,Laddonia,MO,,5733735333,,,,,,barchart
,Martinsburg,MO,,573-492-6213,,,,,,barchart
,Mexico,MO,,5735816868,,,,,,barchart
,Montgomery City,MO,,5735642241,,,,,,barchart
,Vandalia,MO,,5735946415,,,,,,barchart
,California,MO,,573-796-2153,,,,,,barchart
,Versailles,MO,,573-378-5451,,,,,,barchart
,Sedalia-Cole Camp-Windsor,MO,,660-826-7097,,,,,,barchart
,Boonville,MO,,(660)882-2786,,,,,,barchart
,California,MO,,573-796-2153,,,,,,barchart
,Centralia,MO,,N/A,,,,,,barchart
,Clark,MO,,573-641-5511,,,,,,barchart
,Glasgow,MO,,N/A,,,,,,barchart
,Jefferson City,MO,,573-635-7183,,,,,,barchart
,Laddonia,MO,,573-373-5333,,,,,,barchart
,Lamar,MO,,417-682-5300,,,,,,barchart
,Macon,MO,,660-385-5753,,,,,,barchart
,Mexico,MO,,573-581-6868,,,,,,barchart
,Moberly,MO,,660-263-1900,,,,,,barchart
,Montgomery City,MO,,573-564-2241,,,,,,barchart
,Salisbury,MO,,N/A,,,,,,barchart
,Sedalia,MO,,660-826-7097,,,,,,barchart
,Shelbina,MO,,573-588-4140,,,,,,barchart
,Sweet Springs,MO,,660-335-6355,,,,,,barchart
,Tipton,MO,,660-433-5549,,,,,,barchart
,Vandalia,MO,,573-594-6415,,,,,,barchart
,Versailles,MO,,573-378-5451,,,,,,barchart
,Wellsville,MO,,573-492-1007,,,,,,barchart
,Malta Bend,MO,,660-595-0144,,,,,,barchart
,Sweet Springs,MO,,660-335-6355,,,,,,barchart
,Laddonia,MO,,573-373-1260,,,,,,barchart
,Macon,MO,,660-385-2789,,,,,,barchart
,Pilot Grove,MO,,660-834-5412,,,,,,barchart
,Asbury,MO,,417-642-6123,,,,,,barchart
,Liberal,MO,,417-843-6465,,,,,,barchart
,Moundville,MO,,417-922-1234,,,,,,barchart
,Brunswick,MO,,800-545-1878,,,,,,barchart
,Brunswick,MO,,800-545-1878,,,,,,barchart
,Slater,MO,,877-289-2676,,,,,,barchart
,Slater,MO,,877-289-2676,,,,,,barchart
,Butterfield,MO,,417-697-4014,,,,,,barchart
,Centralia,MO,,(573) 682-2157,,,,,,barchart
,Clark,MO,,573-641-551,,,,,,barchart
,Moberly,MO,,660-263-1900 ,,,,,,barchart
,Nevada,MO,,417-667-3397,,,,,,barchart
,Lamar,MO,,(870) 598-2225,,,,,,barchart
,Choteau,MT,, 406-466-5371,,,,,,barchart
,Conrad,MT,,406-278-3256,,,,,,barchart
,Fort Benton,MT,,406-735-5336,,,,,,barchart
,Fort Benton,MT,,406-734-5336,,,,,,barchart
,Great Falls,MT,, 406-771-8139,,,,,,barchart
,Dutton,MT,,(406) 753-2530,,,,,,barchart
,Fayetteville,NC,,1-800-811-1852,,,,,,barchart
,Selma,NC,,919-965-2303,,,,,,barchart
"Hesco Grains, LLC",Fargo,ND,,,4666 Amber Valley Parkway,dealer+warehouse,,,,registry-wi
"Lighthouse Commodities, LLC",Bismarck,ND,,,4719 Shelburne St STE 9,dealer+warehouse,,,,registry-wi
"SB&B Foods, LLC",Casselton,ND,,,PO Box 549,dealer+warehouse,,,,registry-wi
,Enderlin,ND,,701-437-3000,,,,,,barchart
,Hensler,ND,,701-794-3780,,,,,,barchart
,Velva,ND,,701-338-2491,,,,,,barchart
,Hillsboro,ND,,701-636-5130,,,,,,barchart
,Anamoose,ND,,701-712-2614,,,,,,barchart
,Arthur,ND,,701-967-8312,,,,,,barchart
,Ayr,ND,,701-668-2973,,,,,,barchart
,Pillsbury,ND,,701-997-6104,,,,,,barchart
,Berthold,ND,,701-453-3431,,,,,,barchart
,Underwood,ND,,701-442-7500,,,,,,barchart
,Lansford,ND,,N/A,,,,,,barchart
,Casselton,ND,,701-428-3134,,,,,,barchart
,Galchutt,ND,,701-533-8881,,,,,,barchart
,Gwinner,ND,, 701-538-4585,,,,,,barchart
,Harwood,ND,,701-282-3658,,,,,,barchart
,Kindred,ND,,701-428-3135,,,,,,barchart
,Mooreton,ND,,800-441-7996,,,,,,barchart
,Garrison,ND,,701-463-2244,,,,,,barchart
,Ashley,ND,,701-288-3445,,,,,,barchart
,Strasburg,ND,,701-336-7224,,,,,,barchart
,Napoleon,ND,,(701) 754-2573,,,,,,barchart
,Sterling,ND,,(701) 387-450,,,,,,barchart
,New Salem,ND,,701-843-7555,,,,,,barchart
,Lansford,ND,,701-784-5850,,,,,,barchart
,Minot,ND,,(701) 857-9318,,,,,,barchart
,Mohall,ND,,701-756-6688,,,,,,barchart
,Norma,ND,,701-467-3300,,,,,,barchart
,Wahpeton,ND,,701-671-1675,,,,,,barchart
,West Fargo,ND,,866-414-5356,,,,,,barchart
,Valley City,ND,,701-845-1921,,,,,,barchart
,Casselton,ND,,(701) 895-1010,,,,,,barchart
,Strasburg,ND,,701-336-7224,,,,,,barchart
,Balfour,ND,,701-465-3900,,,,,,barchart
,Norwich,ND,,701-728-6430,,,,,,barchart
,Volitaire,ND,,701-338-2530,,,,,,barchart
,Embden,ND,,701-633-5438,,,,,,barchart
,Geneseo,ND,,17015384819,,,,,,barchart
,Lidgerwood,ND,,17015384617,,,,,,barchart
,Fullerton,ND,,8887656965,,,,,,barchart
,Casselton,ND,,701-347-4000,,,,,,barchart
,Hillsboro,ND,,701-636-5130,,,,,,barchart
,Hunter,ND,,701-874-2112,,,,,,barchart
,Oakes,ND,,701-742-3363,,,,,,barchart
,Casselton,ND,,+1 800-568-5402,,,,,,barchart
,Durbin,ND,,701-347-5487,,,,,,barchart
,Leonard,ND,,701-347-4465,,,,,,barchart
,Prosper,ND,,701-347-4465,,,,,,barchart
,Valley City,ND,,701-347-4465,,,,,,barchart
,Milnor,ND,,701.427.5284,,,,,,barchart
,Colfax,ND,,701-372-3721,,,,,,barchart
,Mooreton,ND,,701-439-2280,,,,,,barchart
,Wahpeton,ND,,701-643-8464,,,,,,barchart
,Wyndmere,ND,,701-439-2252,,,,,,barchart
,Hatton,ND,,701-543-3773,,,,,,barchart
,Enderlin,ND,,800-950-2219,,,,,,barchart
,Lisbon,ND,,701-683-4161,,,,,,barchart
,Sheldon,ND,,701-882-3236,,,,,,barchart
,Willow City,ND,,701-366-4321,,,,,,barchart
,Casselton,ND,,(701) 347-4000,,,,,,barchart
,Tolna,ND,,701-262-4242,,,,,,barchart
,New Town,ND,,701-627-3636,,,,,,barchart
,Hillsboro,ND,,7018472261,,,,,,barchart
,Reynolds,ND,,701-847-2261,,,,,,barchart
,Wilton,ND,,701-734-6780,,,,,,barchart
"Bunge USA Grain, LLC",Omaha,NE,,,1331 Capitol Ave,dealer+warehouse,,,,registry-wi
,Columbus,NE,,877-284-2676,,,,,,barchart
,Fremont,NE,,800-228-4071,,,,,,barchart
,Fremont,NE,,402-721-3733,,,,,,barchart
,Fremont,NE,,402-816-5400,,,,,,barchart
,Lincoln,NE,,800-228-4071,,,,,,barchart
,Lincoln,NE,,402-476-3631,,,,,,barchart
,David City,NE,,(402) 275-6039,,,,,,barchart
,Eustis,NE,,(308) 486-3221,,,,,,barchart
,Maywood,NE,,(800) 233-4551,,,,,,barchart
,North Platte,NE,,(800) 303-7636,,,,,,barchart
,Stapleton,NE,,308-636-2929,,,,,,barchart
,David City,NE,,402-367-0256,,,,,,barchart
,Geneva,NE,,402-759-3370,,,,,,barchart
,Bruning,NE,,402-353-4785,,,,,,barchart
,Brule ,NE,,308.287.2304,,,,,,barchart
,Brule,NE,,N/A,,,,,,barchart
,David City,NE,,402-954-1060,,,,,,barchart
,Fairmont,NE,,(402) 268-7900,,,,,,barchart
,Blair,NE,,800-228-7038,,,,,,barchart
,Bee,NE,,402-643-2616,,,,,,barchart
,Benedict,NE,,402-732-6622,,,,,,barchart
,Blair,NE,,402-685-1000,,,,,,barchart
,Bradshaw,NE,,402-736-4333,,,,,,barchart
,Columbus,NE,,N/A,,,,,,barchart
,David City,NE,,N/A,,,,,,barchart
,Daykin,NE,,N/A,,,,,,barchart
,Fremont,NE,,N/A,,,,,,barchart
,Gresham,NE,,402-735-7266,,,,,,barchart
,Hartington,NE,,402-357-2381 ,,,,,,barchart
,Hooper,NE,,402-654-3323,,,,,,barchart
,Lincoln,NE,,402-685-1000,,,,,,barchart
,Oakland,NE,,402-685-1000,,,,,,barchart
,Polk,NE,,402-765-2201,,,,,,barchart
,Rising,NE,,402-542-2131,,,,,,barchart
,Scribner,NE,,402-664-2256,,,,,,barchart
,Seward,NE,,402-523-4225,,,,,,barchart
,Shelby,NE,,402-527-5511,,,,,,barchart
,Stromsburg,NE,,402-764-2571,,,,,,barchart
,Ulysses,NE,,402-549-2115,,,,,,barchart
,Utica,NE,,402-534-2411,,,,,,barchart
,Waco,NE,,402-728-5600,,,,,,barchart
,York,NE,,N/A,,,,,,barchart
,Anselmo,NE,,308-749-2244,,,,,,barchart
,Arnold,NE,,(308) 848-3215,,,,,,barchart
,David City,NE,,(402) 275-6039,,,,,,barchart
,Farnam,NE,,308-569-2461,,,,,,barchart
,Gothenburg,NE,,308-537-7141,,,,,,barchart
,Merna,NE,,308-643-2231 ,,,,,,barchart
,Adams,NE,,402-988-4655,,,,,,barchart
,Adams,NE,,402-946-2211,,,,,,barchart
,Barneston,NE,,N/A,,,,,,barchart
,Barneston,NE,,(402) 674-3121,,,,,,barchart
,Beatrice,NE,,402-228-3458,,,,,,barchart
,Beatrice,NE,,(402) 228-4224,,,,,,barchart
,Blue Springs,NE,,402-645-3356,,,,,,barchart
,Burchard,NE,,402-865-5445 ,,,,,,barchart
,Cordova,NE,,402-576-3241,,,,,,barchart
,DAVID CITY,NE,,N/A,,,,,,barchart
,Daykin,NE,,402-446-7285 ,,,,,,barchart
,Dorchester,NE,,402-946-2211,,,,,,barchart
,Emerald,NE,,402-474-6631,,,,,,barchart
,Exeter,NE,,402-266-5951,,,,,,barchart
,Fairmont,NE,,402-268-2151,,,,,,barchart
,Firth,NE,,402-791-5837,,,,,,barchart
,Hallam,NE,,402-787-3290,,,,,,barchart
,Jansen,NE,,402-424-2230,,,,,,barchart
,Kramer,NE,,402-826-5291,,,,,,barchart
,Lincoln,NE,,402-946-2211,,,,,,barchart
,Lincoln,NE,,N/A,,,,,,barchart
,Lushton,NE,,402-724-2495,,,,,,barchart
,McCool Junction,NE,,402-724-2241,,,,,,barchart
,Milford,NE,,402-761-2646,,,,,,barchart
,Milligan,NE,,402-629-4275,,,,,,barchart
,Odell,NE,,402-766-4145,,,,,,barchart
,Ohiowa,NE,,402-295-2219,,,,,,barchart
,PAWNEE,NE,,402-946-2211,,,,,,barchart
,Pickrell,NE,,402-673-3280,,,,,,barchart
,Pleasant Dale,NE,,402-795-3370,,,,,,barchart
,Plymouth,NE,,402-656-3615,,,,,,barchart
,Raymond,NE,,402-783-2321,,,,,,barchart
,Sterling,NE,,402-866-4661,,,,,,barchart
,Swanton,NE,,402-448-2040,,,,,,barchart
,Virginia,NE,,402-688-4252,,,,,,barchart
,Wilber,NE,,402-821-2351,,,,,,barchart
,York,NE,,402-946-2211,,,,,,barchart
,Friend,NE,,402-947-4291,,,,,,barchart
,Dunbar,NE,,402-934-2066,,,,,,barchart
,Wahoo,NE,,402-934-2066,,,,,,barchart
,Grant,NE,,(308) 352-4295,,,,,,barchart
,Adams,NE,,(402) 988-4655,,,,,,barchart
,Adams,NE,,(402) 988-2655,,,,,,barchart
,Avoca,NE,,402-275-3725,,,,,,barchart
,Bellwood,NE,,402-538-3365,,,,,,barchart
,Bennet,NE,,402-782-2295,,,,,,barchart
,Blair,NE,,(402) 533-4100,,,,,,barchart
,Brainard,NE,,402-545-2811,,,,,,barchart
,Bruno,NE,,402-543-2226,,,,,,barchart
,Burr,NE,,402-848-2381,,,,,,barchart
,Cedar Bluffs,NE,,402-628-3065,,,,,,barchart
,Ceresco,NE,,402-665-3101,,,,,,barchart
,Columbus,NE,,402-564-3261,,,,,,barchart
,Cook,NE,,402-864-4151,,,,,,barchart
,David City,NE,,+1 402-367-3582,,,,,,barchart
,David City,NE,,+1 402-367-3582,,,,,,barchart
,Duncan,NE,,402-897-2615,,,,,,barchart
,Dwight,NE,,402-566-2415,,,,,,barchart
,Eagle,NE,,402-781-2305,,,,,,barchart
,Elk Creek,NE,,402-877-2475,,,,,,barchart
,Elmwood,NE,,402-994-2585,,,,,,barchart
,Garrison,NE,,402-367-3028,,,,,,barchart
,Greenwood,NE,,402-789-2335,,,,,,barchart
,Lincoln,NE,,402-937-1800,,,,,,barchart
,Manley,NE,,402-234-2515,,,,,,barchart
,Mead,NE,,402-624-3255,,,,,,barchart
,Murdock,NE,,402-867-3486,,,,,,barchart
,Nebraska City,NE,,402-873-3391,,,,,,barchart
,North Bend,NE,,402-652-8611,,,,,,barchart
,Osceola,NE,,402-747-2941,,,,,,barchart
,Palmyra,NE,,402-780-5820,,,,,,barchart
,Plattsmouth,NE,,402-298-8265,,,,,,barchart
,Prague,NE,,402-663-5171,,,,,,barchart
,Schuyler,NE,,402-352-2471,,,,,,barchart
,Silver Creek,NE,,+1 308-773-2225,,,,,,barchart
,St. Mary,NE,,402-866-4141 ,,,,,,barchart
,Syracuse,NE,,402-269-3311,,,,,,barchart
,Syracuse,NE,,402-269-3311,,,,,,barchart
,Tecumseh,NE,,402-335-3351,,,,,,barchart
,Tecumseh,NE,,402-335-3351,,,,,,barchart
,Wahoo,NE,,402-443-3797,,,,,,barchart
,Walton,NE,,402-489-6242,,,,,,barchart
,Waverly,NE,,800-401-2546,,,,,,barchart
,Weston,NE,,402-642-5861,,,,,,barchart
,York,NE,,402.362.0088,,,,,,barchart
,Fairmont,NE,,(402) 266-3701,,,,,,barchart
,Fairmont,NE,,(402) 268-1900,,,,,,barchart
,Fremont,NE,,402-721-9767,,,,,,barchart
,Grant,NE,,308-352-4914,,,,,,barchart
,Madrid,NE,,308-326-4206,,,,,,barchart
,Ogallala,NE,,308-447-5531,,,,,,barchart
,Paxton,NE,,308-239-4995,,,,,,barchart
,Wallace,NE,,308-387-4301,,,,,,barchart
,Wallace,NE,,308-228-2417,,,,,,barchart
, Broken Bow,NE,, (308) 872-2020,,,,,,barchart
"Andersons, Inc. (The)",Maumee,OH,,,PO Box 119,dealer+warehouse,,,,registry-wi
,Columbus,OH,,614-575-4993,,,,,,barchart
,Fostoria,OH,,419-435-6633,,,,,,barchart
,Toledo,OH,,800-950-7880,,,,,,barchart
,New Knoxville,OH,,(419) 753-2274,,,,,,barchart
,Pemberton,OH,,(937) 492-2827,,,,,,barchart
,Elida,OH,,419-339-3457,,,,,,barchart
,Wilmington,OH,,(937) 383-2040  ,,,,,,barchart
,Bloomingburg,OH,,740-636-0875,,,,,,barchart
,Chillicothe,OH,,740-636-0875,,,,,,barchart
,Circleville,OH,,740-636-0875,,,,,,barchart
,Lima,OH,,1-800-358-7877,,,,,,barchart
,Hebron,OH,,800-472-4644,,,,,,barchart
,Fredricktown,OH,,740-251-9577,,,,,,barchart
,Marion,OH,,419-985-2601,,,,,,barchart
,Marion,OH,,740-383-2158,,,,,,barchart
,Mount Gilead,OH,,419-946-4015,,,,,,barchart
,Mount Vernon,OH,,740-392-4966,,,,,,barchart
,New Bloomington,OH,,740-387-2081,,,,,,barchart
,Prospect,OH,,(740) 494-2713,,,,,,barchart
,Waldo,OH,,740-726-2134,,,,,,barchart
,Pemberville,OH,,419-287-3241,,,,,,barchart
,Archbold,OH,,419-445-2451,,,,,,barchart
,Glandorf,OH,,N/A,,,,,,barchart
,Hamler,OH,,(419) 274-8040,,,,,,barchart
,Liberty Center,OH,,419-533-2321,,,,,,barchart
,Napoleon,OH,,419-598-8015,,,,,,barchart
,Ottawa,OH,,N/A,,,,,,barchart
,Wauseon,OH,,419-337-0093,,,,,,barchart
,Wauseon,OH,,419-337-4306,,,,,,barchart
,West Mansfield,OH,,937-355-3094,,,,,,barchart
,Ada,OH,,419-634-3030,,,,,,barchart
,Arlington,OH,,419-365-5124,,,,,,barchart
,Cairo,OH,,419-641-3261,,,,,,barchart
,De Graff,OH,,937-585-5871,,,,,,barchart
,Fletcher,OH,,937-368-2364,,,,,,barchart
,Kenton,OH,,419-674-4045,,,,,,barchart
,Marysville,OH,,937-553-9870,,,,,,barchart
,McCutchenville,OH,,419-981-2312,,,,,,barchart
,Mechanicsburg,OH,,937-834-2416,,,,,,barchart
,Nashport,OH,,740-828-2215,,,,,,barchart
,Richwood,OH,,740-943-2334,,,,,,barchart
,Springfield,OH,,937-964-1256,,,,,,barchart
,Upper Sandusky,OH,,419-294-2371,,,,,,barchart
,Urbana,OH,,+1 937-652-2135,,,,,,barchart
,Vanlue,OH,,419-387-7732,,,,,,barchart
,West Liberty,OH,,937-465-4041,,,,,,barchart
,Bucyrus,OH,,N/A,,,,,,barchart
,Edison,OH,,N/A,,,,,,barchart
,Columbus Grove,OH,,419-659-2676,,,,,,barchart
,Fort Jennings,OH,,419-286-2444,,,,,,barchart
,Gomer,OH,,419-642-3191,,,,,,barchart
,Kalida,OH,,419-532-3305,,,,,,barchart
,Upper Sandusky,OH,,419-294-3838 ext.5,,,,,,barchart
,Custar,OH,,419-669-3069,,,,,,barchart
,Defiance,OH,,N/A,,,,,,barchart
,Deshler,OH,,419-278-3015,,,,,,barchart
,Findlay,OH,,(419) 859-2172,,,,,,barchart
,Fostoria,OH,,800-435-4763,,,,,,barchart
,McComb,OH,,(419) 293-2311,,,,,,barchart
,Mt. Blanchard,OH,,(419) 694-3123,,,,,,barchart
,Mt. Cory,OH,,(419) 477-5411,,,,,,barchart
,Bascom,OH,,(419) 937-2233,,,,,,barchart
,Bowling Green,OH,,(567) 806-5461,,,,,,barchart
,Curtice,OH,,(419) 836-6262,,,,,,barchart
,Cygnet,OH,,(567) 316-1544,,,,,,barchart
,Graytown,OH,,(419) 862-3213,,,,,,barchart
,Haskins,OH,,(419) 823-1331,,,,,,barchart
,Antwerp,OH,,(419) 258-8465,,,,,,barchart
,Celina,OH,,(419) 586-7443,,,,,,barchart
,Convoy,OH,,(419) 749-2289,,,,,,barchart
,Elgin,OH,,(419) 667-2901,,,,,,barchart
,Grover Hill,OH,,(419) 587-3334,,,,,,barchart
,Paulding,OH,,N/A,,,,,,barchart
,Payne,OH,,(419) 263-2351,,,,,,barchart
,Rockford,OH,,(419) 363-2700,,,,,,barchart
,Sherwood,OH,,(419) 899-2130,,,,,,barchart
,St Marys,OH,,N/A,,,,,,barchart
,Weston,OH,,419-669-2265,,,,,,barchart
,Ottawa ,OH,,419-523-3843,,,,,,barchart
,Fostoria,OH,,(419) 436-0954,,,,,,barchart
,Leipsic,OH,,N/A,,,,,,barchart
,Beaverdam,OH,,419-643-4135,,,,,,barchart
,Bluffton,OH,,1-800-943-4135,,,,,,barchart
,Pettisville,OH,,4194462547,,,,,,barchart
,Jamestown,OH,,800-521-5600,,,,,,barchart
,Sabina,OH,,800-521-5600,,,,,,barchart
,South Salem,OH,,800-521-5600,,,,,,barchart
,Wilmington,OH,,800-521-5600,,,,,,barchart
,Fayette ,OH,,419-237-2581,,,,,,barchart
,Ridgeville Corners,OH,,N/A,,,,,,barchart
,Delphos,OH,,419-622-6151,,,,,,barchart
,Scott,OH,,419-622-6151,,,,,,barchart
,Van Wert,OH,,419-238-1515,,,,,,barchart
,Harpster,OH,,7406927244,,,,,,barchart
,Morral,OH,,419-731-3950,,,,,,barchart
,Willard,OH,,419-964-6000,,,,,,barchart
,Stryker,OH,,419-682-3251,,,,,,barchart
,Bellevue,OH,,419-332-6468,,,,,,barchart
,"Botkins, Ohio ",OH,,937-693-2043 ,,,,,,barchart
,Clyde,OH,,419-547-9588,,,,,,barchart
,Fremont,OH,,419-332-6468,,,,,,barchart
,Galion,OH,,419-683-4600,,,,,,barchart
,Monroeville,OH,,419-929-1568,,,,,,barchart
,New Washington,OH,,419-492-2548,,,,,,barchart
,South Charleston,OH,,937-462-8341 ,,,,,,barchart
,Uniopolis,OH,,419-568-2467 ,,,,,,barchart
,Maumee,OH,,419-893-5050,,,,,,barchart
,Metamora,OH,,877-638-5558,,,,,,barchart
,Toledo,OH,,800-433-3287,,,,,,barchart
,Toledo,OH,,800-433-3287,,,,,,barchart
,New Bavaria,OH,,419-653-4132,,,,,,barchart
,Defiance,OH,,(419) 497-2101,,,,,,barchart
,Alger,OH,,419-675-2655,,,,,,barchart
,Bucyrus,OH,,419-562-7565,,,,,,barchart
,Fostoria,OH,,419-436-5130,,,,,,barchart
,Kingston,OH,,740-642-2041,,,,,,barchart
,Logan,OH,,740-385-6824,,,,,,barchart
,Nevada,OH,,740-482-2173,,,,,,barchart
,New Holland,OH,,740-986-2861,,,,,,barchart
,Radnor,OH,,740-595-3511,,,,,,barchart
,Toledo,OH,,419.691.5200,,,,,,barchart
,Upper Sandusky,OH,,419-294-2179,,,,,,barchart
,Upper Sandusky,OH,,419-294-3078,,,,,,barchart
,Wharton,OH,,419-458-3041,,,,,,barchart
,Celina,OH,,419-586-2196,,,,,,barchart
,Delphos,OH,,419-692-0811,,,,,,barchart
,Spencerville,OH,,419-647-4148,,,,,,barchart
,Johnstown,OH,, 740-967-0145,,,,,,barchart
,LaRue,OH,,740-967-0145,,,,,,barchart
,Shelby,OH,,N/A,,,,,,barchart
,Shelby,OH,,330-692-2740,,,,,,barchart
,Hebron,OH,,800-472-4622,,,,,,barchart
,Afton,OK,,918-257-7201,,,,,,barchart
,Miami,OK,,918-542-2856,,,,,,barchart
,Welch,OK,,918-788-3915,,,,,,barchart
,Afton,OK,,918-257-7201,,,,,,barchart
,Miami,OK,,918-542-2856,,,,,,barchart
,Welch,OK,,918-788-3915,,,,,,barchart
,Hinton,OK,,405-542-3212,,,,,,barchart
,Kingfisher,OK,,405-375-5900,,,,,,barchart
,Okarche,OK,,405-368-2767,,,,,,barchart
,Piedmont,OK,,N/A,,,,,,barchart
,Apache,OK,,580-242-0515,,,,,,barchart
,Banner,OK,,580-242-0515,,,,,,barchart
,Braman,OK,,580-242-0515,,,,,,barchart
,Chickasha,OK,,580-242-0515,,,,,,barchart
,Fort Cobb,OK,,580-242-0515,,,,,,barchart
,Newkirk,OK,,580-242-0515,,,,,,barchart
,Tuttle,OK,,N/A,,,,,,barchart
,Union City,OK,,580-242-0515,,,,,,barchart
,Cashion,OK,,405-433-2066,,,,,,barchart
,Minco,OK,,405-352-4336,,,,,,barchart
,Okarche,OK,,405-263-4566,,,,,,barchart
,Shawnee,OK,,405-214-3333,,,,,,barchart
,Johnstown,ON,,(613) 925-1385,,,,,,barchart
,Portland,OR,,N/A,,,,,,barchart
,Aberdeen,SD,,605-626-9005,,,,,,barchart
,Aberdeen,SD,,605-225-0522,,,,,,barchart
,Aberdeen,SD,,605-225-7081,,,,,,barchart
,Aberdeen,SD,,605-225-3280,,,,,,barchart
,Aberdeen,SD,,N/A,,,,,,barchart
,Andover,SD,,605-298-5645,,,,,,barchart
,Bowdle,SD,,605-285-6533,,,,,,barchart
,Bristol,SD,,605-492-3643,,,,,,barchart
,Faulkton,SD,,605-324-3606,,,,,,barchart
,Faulkton,SD,,605-598-6560,,,,,,barchart
,Houghton,SD,,605-994-2700,,,,,,barchart
,Ipswich,SD,,605-426-6591,,,,,,barchart
,Ipswich,SD,,605-426-6843,,,,,,barchart
,Leola,SD,,605-439-3137,,,,,,barchart
,Mansfield,SD,,605-887-3446,,,,,,barchart
,Mellette,SD,,605-887-3572,,,,,,barchart
,Northville,SD,,605-887-3441,,,,,,barchart
,Redfield,SD,,605-475-2500,,,,,,barchart
,Redfield,SD,,605-472-2290,,,,,,barchart
,Roscoe,SD,,605-287-4311,,,,,,barchart
,Tulare,SD,,605-596-4114,,,,,,barchart
,Warner,SD,,605-225-7103,,,,,,barchart
,Aberdeen,SD,,(605) 626-9005,,,,,,barchart
,Aurora,SD,,(605) 693-5548,,,,,,barchart
,Clark,SD,,605-532-3111,,,,,,barchart
,Garden City,SD,,605-532-3841,,,,,,barchart
,Wallace,SD,,605-758-2391,,,,,,barchart
,Webster,SD,,605-345-3366,,,,,,barchart
,Hudson,SD,,N/A,,,,,,barchart
,Aberdeen,SD,,(605) 626-9005,,,,,,barchart
,Brandon,SD,,605-582-2415,,,,,,barchart
,Canton,SD,,605-987-2714,,,,,,barchart
,Elkton,SD,,605-542-2371,,,,,,barchart
,Worthing,SD,,605-372-4132,,,,,,barchart
,Emery,SD,,507-825-8012,,,,,,barchart
,Yankton,SD,,507-825-8012,,,,,,barchart
,Canova,SD,,605-523-2244,,,,,,barchart
,Freeman,SD,,605-925-4245,,,,,,barchart
,Lyons,SD,,605-543-5400,,,,,,barchart
,Marion,SD,,605-648-3941,,,,,,barchart
,Montrose,SD,,605-363-5360,,,,,,barchart
,Salem,SD,,605-425-2280,,,,,,barchart
,Viborg,SD,,605-326-5214,,,,,,barchart
,Aberdeen,SD,,16056269005,,,,,,barchart
,Aberdeen,SD,,16056269005,,,,,,barchart
,Wentworth,SD,,888-539-2676,,,,,,barchart
,Colton ,SD,,N/A,,,,,,barchart
,Hartford ,SD,,N/A,,,,,,barchart
,Alcester,SD,,(605) 934-2370  ,,,,,,barchart
,Beresford,SD,,(605) 957-3088,,,,,,barchart
,Worthing,SD,,(605) 836-0141,,,,,,barchart
,Aberdeen,SD,,605-626-9005,,,,,,barchart
,Aberdeen,SD,,(605) 225-0520,,,,,,barchart
,Mina,SD,,(605) 225-9900,,,,,,barchart
,Aberdeen,SD,,N/A,,,,,,barchart
,Mina,SD,,N/A,,,,,,barchart
,Howard,SD,,605-772-5568,,,,,,barchart
,Aberdeen ,SD,,N/A,,,,,,barchart
,Kaylor,SD,,605-583-4228,,,,,,barchart
,Tabor,SD,,605-463-2261,,,,,,barchart
,Madison,SD,,605-256-4584,,,,,,barchart
,Ramona,SD,,605-482-8291,,,,,,barchart
,Yankton,SD,,(605) 665-3691,,,,,,barchart
,Marion,SD,,605-648-2100,,,,,,barchart
,Chancellor,SD,,605-647-0040 ,,,,,,barchart
,Groton,SD,,605-397-2726,,,,,,barchart
,Hudson,SD,,605-984-2222,,,,,,barchart
,Scotland,SD,,605-583-2258,,,,,,barchart
,Oldham,SD,,(605) 482-8661,,,,,,barchart
,Hitchcock,SD,,605-266-2530,,,,,,barchart
,Volga,SD,,605-627-9240,,,,,,barchart
,Beresford,SD,,(605) 763-2108,,,,,,barchart
,Centerville,SD,,605.563.2007,,,,,,barchart
,Elk Point,SD,,605-356-3034,,,,,,barchart
,Meckling,SD,,605.253.6150,,,,,,barchart
,Valley Springs,SD,,6057576288,,,,,,barchart
,Aberdeen,SD,,320-394-2171,,,,,,barchart
,Aberdeen,SD,,N/A,,,,,,barchart
,Britton,SD,,605-448-2261,,,,,,barchart
,Dyersburg,TN,,N/A,,,,,,barchart
,Jackson,TN,,(731) 424-3535,,,,,,barchart
,Halls,TN,,731-224-6142,,,,,,barchart
,Dyersburg,TN,,731-285-3640,,,,,,barchart
,Kenton,TN,,731-673-4212 ,,,,,,barchart
,Union City,TN,,731-885-9201,,,,,,barchart
,Sharon,TN,,731-456-2628,,,,,,barchart
,Dumas,TX,,806-935-6440,,,,,,barchart
,Dumas,TX,,806-935-6440,,,,,,barchart
,Dumas,TX,,806-948-5323 ,,,,,,barchart
,Dumas,TX,,N/A,,,,,,barchart
,Sunray,TX,,(806) 948-4121,,,,,,barchart
,Petersburg,VA,,804-733-5750,,,,,,barchart
,Waverly,VA,,804-834-3990,,,,,,barchart
"F.W. Cobs Co., Inc.",St Albans Bay,VT,,,PO Box 30,dealer+warehouse,,,,registry-wi
,Cheney,WA,,N/A,,,,,,barchart
,Connell,WA,,509-234-2641,,,,,,barchart
,Kennewick,WA,,509-586-1128,,,,,,barchart
,Moses Lake,WA,,509-765-3881,,,,,,barchart
,Othello,WA,,509-488-3118,,,,,,barchart
,Basin City,WA,,509-269-4693	,,,,,,barchart
,Mesa,WA,,5092694693,,,,,,barchart
,Farmer,WA,,509-745-8142,,,,,,barchart
,St John,WA,,5096483366,,,,,,barchart
,Walla Walla,WA,,509-525-6510,,,,,,barchart
,Pomeroy,WA,,(509) 843-1694,,,,,,barchart
,Ritzville,WA,,509?659?0130,,,,,,barchart
,Pasco,WA,,509-545-0900,,,,,,barchart
,Uniontown,WA,,(509) 229-3828,,,,,,barchart
121 Farms LLC,Independence,WI,,,W22452 State Road 121,dealer+warehouse,,,,registry-wi
24/7 Grain Services LLC,Almena,WI,,,1673 6th St.,dealer+warehouse,,,,registry-wi
"Ace Ethanol, LLC",Stanley,WI,,,815 W Maple St.,dealer+warehouse,,,,registry-wi
Adell Cooperative Union,Adell,WI,,,606 Tower Ave.,dealer+warehouse,,,,registry-wi
Albion Grain LLC,Eleva,WI,,,N50704 County Highway Y,dealer+warehouse,,,,registry-wi
"Andersen Feeds, Inc.",Galesville,WI,,,PO Box 98,dealer+warehouse,,,,registry-wi
Appell Grain Inc.,Shullsburg,WI,,,5883 County Road P,dealer+warehouse,,,,registry-wi
"Arno Pfeifer, Incorporated",Greenbush,WI,,,PO Box 101,dealer+warehouse,,,,registry-wi
Atlas Cooperative,Luck,WI,,,2120 295th Ave.,dealer+warehouse,,,,registry-wi
"Augusta Feed Service, Inc.",Augusta,WI,,,PO Box 479,dealer+warehouse,,,,registry-wi
"Aurora Grains, LLC",Berlin,WI,,,N825 32nd Ave.,dealer+warehouse,,,,registry-wi
Aztalan Bio LLC,Johnson Creek,WI,,,W5289 Valero Way,dealer+warehouse,,,,registry-wi
"Badger Grain Supply, LLC",Wheeler,WI,,,E5210 1040th Ave.,dealer+warehouse,,,,registry-wi
"Badger State Ethanol, LLC",Monroe,WI,,,820 W 17th St.,dealer+warehouse,,,,registry-wi
"Berlin Feed, Inc.",Berlin,WI,,,328 S Church St.,dealer+warehouse,,,,registry-wi
"Berlin, Shaine",Stanley,WI,,,35055 50th Ave,dealer+warehouse,,,,registry-wi
"Bickford Farms, Inc.",Ridgeway,WI,,,3630 Ridgevue Rd.,dealer+warehouse,,,,registry-wi
"Bluff Country Feed & Seed, LLC",Mondovi,WI,,,158 Marten St.,dealer+warehouse,,,,registry-wi
"Borntrager, Mervin W.",Augusta,WI,,,S11845 Cty Rd M,dealer+warehouse,,,,registry-wi
"Briess Industries, Inc.",Chilton,WI,,,625 S Irish Rd.,dealer+warehouse,,,,registry-wi
"Brown, Wallace G.",Darlington,WI,,,15211 Dobbs Rd.,dealer+warehouse,,,,registry-wi
"Buchholz Feed Store, Inc.",Ladysmith,WI,,,PO Box 144,dealer+warehouse,,,,registry-wi
Burnett Dairy Cooperative,Grantsburg,WI,,,11631 State Road 70,dealer+warehouse,,,,registry-wi
"Cadott Grain Service, LLC",Cadott,WI,,,PO Box 63,dealer+warehouse,,,,registry-wi
Camp Douglas Farmers Cooperative,Camp Douglas,WI,,,107 Main St.,dealer+warehouse,,,,registry-wi
Carrousel Grain Service Inc.,Monroe,WI,,,W2702 County Road FF,dealer+warehouse,,,,registry-wi
"CDR Farms, LLC",Bloomer,WI,,,18909 80th St.,dealer+warehouse,,,,registry-wi
Central Garden & Pet Company,Franklin,WI,,,5401 W Oakwood Park Dr.,dealer+warehouse,,,,registry-wi
"Century Acres, Inc.",Port Washington,WI,,,3420 Highway W,dealer+warehouse,,,,registry-wi
"Century Sun Oil, LLC",Pulaski,WI,,,W926 Main Laney Dr,dealer+warehouse,,,,registry-wi
"CFS Specialties, Inc.",Cashton,WI,,,300 State Highway 27,dealer+warehouse,,,,registry-wi
Chaseburg Farmers Union Cooperative Service,Chaseburg,WI,,,113 Cactus Dr.,dealer+warehouse,,,,registry-wi
"Christianson Feed Mill, LLP",Wauzeka,WI,,,PO Box 216,dealer+warehouse,,,,registry-wi
"Clayton Feed Store, Inc.",Clayton,WI,,,PO Box 70,dealer+warehouse,,,,registry-wi
Clintonville Elevator Company,Clintonville,WI,,,215 Autumn St.,dealer+warehouse,,,,registry-wi
"Cloverleaf Farm Supply, LLC",Cadott,WI,,,127 Elm St.,dealer+warehouse,,,,registry-wi
"Community AG Service, Inc.",Van Dyne,WI,,,PO Box 184,dealer+warehouse,,,,registry-wi
"Complete Feed Service, LLC",Sharon,WI,,,3 Natural Way,dealer+warehouse,,,,registry-wi
Cooperative Regions of Organic Producer Pools,La Farge,WI,,,One Organic Way,dealer+warehouse,,,,registry-wi
Country Visions Cooperative,Brillion,WI,,,1010 W Ryan St.,dealer+warehouse,,,,registry-wi
"Crivitz Feed Mill, LLC",Crivitz,WI,,,PO Box 730,dealer+warehouse,,,,registry-wi
Cushing Cooperative Society,Cushing,WI,,,PO Box 458,dealer+warehouse,,,,registry-wi
D & S Farms,Gratiot,WI,,,323 S Madison St.,dealer+warehouse,,,,registry-wi
"D & S Milling, Inc.",Curtiss,WI,,,PO Box 157,dealer+warehouse,,,,registry-wi
"Dan Meulemans Trucking, Inc.",Kaukauna,WI,,,W411 Garrity Rd.,dealer+warehouse,,,,registry-wi
"Danes Fairylane Dairy Farms, Inc.",New Holstein,WI,,,N2556 Honeymoon Hill Rd.,dealer+warehouse,,,,registry-wi
"Daybreak Foods, Inc.",Lake Mills,WI,,,PO Box 800,dealer+warehouse,,,,registry-wi
"DeLong Co., Inc. (The)",Clinton,WI,,,PO Box 552,dealer+warehouse,,,,registry-wi
"Didion, Inc.",Sun Prairie,WI,,,121 S Bristol St. Suite 201,dealer+warehouse,,,,registry-wi
Door County Cooperative,Sturgeon Bay,WI,,,317 Green Bay Rd.,dealer+warehouse,,,,registry-wi
"Duffy Grain, Inc.",Columbus,WI,,,PO Box 250,dealer+warehouse,,,,registry-wi
Dummer Farms Incorporated,Holmen,WI,,,N6673 County Road XX,dealer+warehouse,,,,registry-wi
Eau Galle Grain Company LLC,Eau Galle,WI,,,N435 State Road 25,dealer+warehouse,,,,registry-wi
"Economy Feed Mill, LLC",Bloomington,WI,,,PO Box 427,dealer+warehouse,,,,registry-wi
"Ed's Feed Service, Inc.",Bloomer,WI,,,PO Box 52,dealer+warehouse,,,,registry-wi
"Edward Reinemann & Son, Inc.",Reedsville,WI,,,PO Box 212,dealer+warehouse,,,,registry-wi
"Exeland Feed Mill, Inc.",Exeland,WI,,,PO Box 25,dealer+warehouse,,,,registry-wi
"Fairwater Feed & Supply, LLC",Fairwater,WI,,,PO Box 114,dealer+warehouse,,,,registry-wi
Fan-Agra Corp.,Mazomanie,WI,,,5764 Morrill Rd.,dealer+warehouse,,,,registry-wi
"Farm-City Elevator, Inc.",Darien,WI,,,PO Box 628,dealer+warehouse,,,,registry-wi
Farmers Elevator Company (Limited) of Waupun,Waupun,WI,,,2 W Main St.,dealer+warehouse,,,,registry-wi
"Farmers' Grain & Feed, LLC",Allenton,WI,,,PO Box 428,dealer+warehouse,,,,registry-wi
Flash Grain LLC,Thorp,WI,,,N14036 Fisher Ave.,dealer+warehouse,,,,registry-wi
"Fliss Feeds, Inc.",Junction City,WI,,,PO Box 185,dealer+warehouse,,,,registry-wi
"Fox Valley Alfalfa Mill, Inc.",Hilbert,WI,,,508 N 3rd St.,dealer+warehouse,,,,registry-wi
"Furseth Farms, Inc.",Stoughton,WI,,,2157 County Road A,dealer+warehouse,,,,registry-wi
"General Farm Supply, Inc.",Spencer,WI,,,PO Box 336,dealer+warehouse,,,,registry-wi
"Gillett Milling Co., Inc.",Gillett,WI,,,PO Box 416,dealer+warehouse,,,,registry-wi
Grain St-Laurent Inc.,"Montreal, Quebec H2Y 2G3",WI,,,407 Rue McGill Suite 315,dealer+warehouse,,,,registry-wi
Grain X Milling LLC,Sturgeon Bay,WI,,,5102 County Road I,dealer+warehouse,,,,registry-wi
"Grantland Grain, LLC",Potosi,WI,,,5627 Lone Elm Tree Rd.,dealer+warehouse,,,,registry-wi
"Great Lakes Agri-Services, Inc.",Adell,WI,,,615 Tower Ave.,dealer+warehouse,,,,registry-wi
"Growmark, Inc.",Jefferson,WI,,,222 E Puerner St.,dealer+warehouse,,,,registry-wi
"Hanmann Milling Co., Inc.",Casco,WI,,,PO Box 158,dealer+warehouse,,,,registry-wi
"Hartmann Farms, LLC",Lodi,WI,,,W12148 Highway 60,dealer+warehouse,,,,registry-wi
"Harvey Creek Grain, LLC",Mondovi,WI,,,W911 US Hwy 10,dealer+warehouse,,,,registry-wi
"Hay River Grain, LLC",Almena,WI,,,547 17th Ave.,dealer+warehouse,,,,registry-wi
"Hegg Mill, LLC",Ettrick,WI,,,N23395 US Highway 53,dealer+warehouse,,,,registry-wi
Herdsman Feeds Inc.,Boyceville,WI,,,E1353 State Highway 64,dealer+warehouse,,,,registry-wi
"Hohl's Farm Supply, Inc.",Portage,WI,,,W11942 Highway 33,dealer+warehouse,,,,registry-wi
Holtz Farms Grain LLC,Lake Delton,WI,,,101 Miller Dr,dealer+warehouse,,,,registry-wi
"Horn Feeds, Inc.",Mukwonago,WI,,,728 Clarendon Ave.,dealer+warehouse,,,,registry-wi
"Hughes Trucking, Inc.",Cambria,WI,,,W1203 Vaughn Rd.,dealer+warehouse,,,,registry-wi
"Inotiv, Inc.",Madison,WI,,,1401 S Stoughton Rd.,dealer+warehouse,,,,registry-wi
"Jay-Mar, Inc.",Plover,WI,,,PO Box 429,dealer+warehouse,,,,registry-wi
Jeff Helser Grain Services LLC,Fremont,WI,,,9093 Marion Lane,dealer+warehouse,,,,registry-wi
"JTA Management, LLC",Marinette,WI,,,630 Hattie St.,dealer+warehouse,,,,registry-wi
Key Grains LLC,Viroqua,WI,,,1225 Nelson Pkwy.,dealer+warehouse,,,,registry-wi
"Key Ingredients, LLC",Viroqua,WI,,,1225 Nelson Pkwy.,dealer+warehouse,,,,registry-wi
"Klema Feeds, Inc.",Franksville,WI,,,10540 Northwestern Ave.,dealer+warehouse,,,,registry-wi
"Koon Kreek Feeds, Inc.",Coon Valley,WI,,,PO Box 431,dealer+warehouse,,,,registry-wi
"Kronseder Farms, Inc.",Spring Green,WI,,,E4614 Hwy 14-60,dealer+warehouse,,,,registry-wi
"Kruger, Inc.",Eleva,WI,,,N49494 County Road Y,dealer+warehouse,,,,registry-wi
La Crosse Milling Company,Cochrane,WI,,,PO Box 86,dealer+warehouse,,,,registry-wi
Landmark Services Cooperative,Cottage Grove,WI,,,1401 Landmark Dr.,dealer+warehouse,,,,registry-wi
Legacy Grain Solutions LLC,Cambria,WI,,,N8585 Casey Dr,dealer+warehouse,,,,registry-wi
"Leibfried Farms, Inc.",Potosi,WI,,,5109 Oak Rd.,dealer+warehouse,,,,registry-wi
"Lime Ridge Ag Supply, Inc.",Lime Ridge,WI,,,PO Box 115,dealer+warehouse,,,,registry-wi
"Linden Milling Co., Inc.",Linden,WI,,,PO Box 529,dealer+warehouse,,,,registry-wi
"Luther Grain Sales & Service, LLC",Baraboo,WI,,,E12434 Highway 33,dealer+warehouse,,,,registry-wi
Luxemburg Milling Co. Ltd.,Luxemburg,WI,,,219 Cedar St.,dealer+warehouse,,,,registry-wi
Main Grain L.L.C.,Conrath,WI,,,N2672 Vine St.,dealer+warehouse,,,,registry-wi
Malteurop North America Inc.,Milwaukee,WI,,,6737 W Washington St.,dealer+warehouse,,,,registry-wi
Maribel Grain Company,Maribel,WI,,,PO Box 167,dealer+warehouse,,,,registry-wi
"McHugh, Judith d/b/a McHugh Farms",Holmen,WI,,,1900 Old Highway 93,dealer+warehouse,,,,registry-wi
"McMillan Farms, Inc.",Marshfield,WI,,,200955 Galvin Ave.,dealer+warehouse,,,,registry-wi
"Medford Co-operative, Inc.",Medford,WI,,,PO Box 407,dealer+warehouse,,,,registry-wi
"Melrose Farm Service, Inc.",Melrose,WI,,,PO Box 295,dealer+warehouse,,,,registry-wi
"Meyer Brothers Grain, Inc.",Elk Mound,WI,,,N5406 970th St.,dealer+warehouse,,,,registry-wi
"Michaelson, Larry D",Balsam Lake,WI,,,1063 185th Ave.,dealer+warehouse,,,,registry-wi
Middleton Farmers Cooperative Company,Middleton,WI,,,PO Box 620348,dealer+warehouse,,,,registry-wi
"Midwest Commodity Service, Inc.",Baldwin,WI,,,1881 140TH Ave.,dealer+warehouse,,,,registry-wi
"Mt. Tabor Mill, LLC",Kendall,WI,,,S765 County Road V,dealer+warehouse,,,,registry-wi
"New Age Grain, LLC",Prairie Du Sac,WI,,,S9179 Highway 78,dealer+warehouse,,,,registry-wi
"Northside Elevator, Inc.",Loyal,WI,,,PO Box 159,dealer+warehouse,,,,registry-wi
"Nutrition Service Company, LLC",Pulaski,WI,,,W249 Deer Dr.,dealer+warehouse,,,,registry-wi
"Oakfield Elevator Company, Inc.",Oakfield,WI,,,PO Box 67,dealer+warehouse,,,,registry-wi
"Olson Feed Service, Inc.",Gays Mills,WI,,,18998 Olson Feed Rd.,dealer+warehouse,,,,registry-wi
"Oregon Farm Center, Inc.",Oregon,WI,,,4636 State Road 138,dealer+warehouse,,,,registry-wi
"Peachey Brothers Elevator, Inc.",Burnett,WI,,,PO Box 36,dealer+warehouse,,,,registry-wi
"Peshtigo Feed Mill, Inc.",Peshtigo,WI,,,305 Railroad St.,dealer+warehouse,,,,registry-wi
"Peter Grain, Inc.",Athens,WI,,,118576 County Road A,dealer+warehouse,,,,registry-wi
"Pfister, Donald",New Holstein,WI,,,N3091 County Road T,dealer+warehouse,,,,registry-wi
"Pleasant Grain, LLC",Monticello,WI,,,N5670 Gutzmer Rd.,dealer+warehouse,,,,registry-wi
"Plum City Feed Mill, Inc.",Plum City,WI,,,400 1st St.,dealer+warehouse,,,,registry-wi
"Poskin Feed Store, Inc.",Poskin,WI,,,968 14th Ave.,dealer+warehouse,,,,registry-wi
"Potter Farm Supply, Inc.",Potter,WI,,,PO Box 8,dealer+warehouse,,,,registry-wi
"Prairie Ag Supply, LLC",Menomonie,WI,,,E6565 629th Ave.,dealer+warehouse,,,,registry-wi
Premier Cooperative,Mount Horeb,WI,,,501 W Main St.,dealer+warehouse,,,,registry-wi
ProVision Partners Cooperative,Marshfield,WI,,,PO Box 988,dealer+warehouse,,,,registry-wi
"Quality Roasting, Inc.",Valders,WI,,,2514 Marken Rd.,dealer+warehouse,,,,registry-wi
"Red Cedar Grain Service, Inc.",Menomonie,WI,,,PO Box 385,dealer+warehouse,,,,registry-wi
Reddy Feed & Grain LLC,Stitzer,WI,,,PO Box 38,dealer+warehouse,,,,registry-wi
Reynolds Feed and Supply LLC,Cobb,WI,,,PO Box 248,dealer+warehouse,,,,registry-wi
"Rio Creek Feed Mill, Inc.",Algoma,WI,,,N7295 Feed Mill Ln.,dealer+warehouse,,,,registry-wi
River Country Co-op,Bloomer,WI,,,16779 98th St.,dealer+warehouse,,,,registry-wi
River Valley Cooperative,Davenport,WI,,,254 E 90th,dealer+warehouse,,,,registry-wi
"Riverdale Ag Service, Inc.",Muscoda,WI,,,PO Box 327,dealer+warehouse,,,,registry-wi
"Rooney Grain, LLC",Chippewa Falls,WI,,,9996 County Highway Q,dealer+warehouse,,,,registry-wi
Rusk Prairie Grain Service,Menomonie,WI,,,PO Box 385,dealer+warehouse,,,,registry-wi
S & S Grains LLP,Arcadia,WI,,,N29483 River Valley Rd.,dealer+warehouse,,,,registry-wi
Salentine Brothers Family Limited Partnership,Big Bend,WI,,,S87W22355 Forest Home Ave.,dealer+warehouse,,,,registry-wi
"Saukville Feed Supplies, Inc.",Saukville,WI,,,313 W Church St.,dealer+warehouse,,,,registry-wi
"Schroeder Family Farms, Inc.",Ellsworth,WI,,,N5814 530th Street,dealer+warehouse,,,,registry-wi
"Schumitsch Companies, Inc.",Antigo,WI,,,420 Wausau Rd.,dealer+warehouse,,,,registry-wi
"See-Mor Grain, Inc.",Darlington,WI,,,12785 County Road O,dealer+warehouse,,,,registry-wi
"Seymour Flour Mill, Inc.",Seymour,WI,,,213 E Wisconsin St.,dealer+warehouse,,,,registry-wi
Sparta Cooperative Services,Sparta,WI,,,325 Hemstock Dr.,dealer+warehouse,,,,registry-wi
"Spooner Mills of Thorp, Inc.",Thorp,WI,,,213 E Soo St.,dealer+warehouse,,,,registry-wi
"Star Blends, LLC",Sparta,WI,,,1919 Riley Rd.,dealer+warehouse,,,,registry-wi
"Stello Storage, LLC",Mindoro,WI,,,N8754 State Road 108,dealer+warehouse,,,,registry-wi
"Stutzman, John E.",Chili,WI,,,N5527 Division Ave.,dealer+warehouse,,,,registry-wi
Sunrise Foods International (USA) Inc.,"Saskatoon, SK",WI,,,306 Queen St. Suite 200,dealer+warehouse,,,,registry-wi
Suring Farmers Mercantile Company,Suring,WI,,,PO Box 276,dealer+warehouse,,,,registry-wi
Synergy Community Cooperative,Ridgeland,WI,,,PO Box 155,dealer+warehouse,,,,registry-wi
"Tarkowski Grain & Roasting, LLC",Denmark,WI,,,3377 S County Road T,dealer+warehouse,,,,registry-wi
"Tisch Mills Farm Center, Inc.",Tisch Mills,WI,,,PO Box 236,dealer+warehouse,,,,registry-wi
"TMV Feed and Supply, LLP",Kiel,WI,,,12207 Mill Rd.,dealer+warehouse,,,,registry-wi
"Total Grain Services, LLC",Wrightstown,WI,,,2730 Poplar St.,dealer+warehouse,,,,registry-wi
"Townline Feeds, LLC",Antigo,WI,,,N3750 Clover Rd.,dealer+warehouse,,,,registry-wi
"Tweet, James A.",Eleva,WI,,,N50704 County Highway Y,dealer+warehouse,,,,registry-wi
"Two Y Hilltop, LLC",Bloomer,WI,,,916 15th Ave.,dealer+warehouse,,,,registry-wi
,Baldwin,WI,,800-554-3213,,,,,,barchart
,Belleville,WI,,(608) 424-3651,,,,,,barchart
,Cottage Grove,WI,,608-819-3170,,,,,,barchart
,Durand,WI,,715-672-8947,,,,,,barchart
,Elmwood,WI,,715-639-2411,,,,,,barchart
,Evansville,WI,,608-882-2621,,,,,,barchart
,Fall Creek,WI,,1-800-448-5259,,,,,,barchart
,Fall River,WI,,608.819.3475,,,,,,barchart
,Hager City ,WI,,N/A,,,,,,barchart
,Menomonie,WI,,715-231-8947,,,,,,barchart
,Mondovi,WI,,715-926-3646,,,,,,barchart
,New Richmond,WI,,715.246.9580,,,,,,barchart
,Osseo,WI,, (715) 597-3328,,,,,,barchart
,Whitewater,WI,,262-473-2410,,,,,,barchart
,Adams,WI,,+1 800-247-5679,,,,,,barchart
,Auburndale,WI,,715-652-2300,,,,,,barchart
,Blair,WI,,(608) 989-2298,,,,,,barchart
,Hixton,WI,,715-963-3211,,,,,,barchart
,Mauston,WI,,(608) 847-5212,,,,,,barchart
,Stratford,WI,,715-687-4683,,,,,,barchart
,Tomah,WI,,(608) 847-372-2090,,,,,,barchart
,Wisconsin Dells,WI,,(715) 423-3000,,,,,,barchart
,Johnson Creek,WI,,(920)515-0578,,,,,,barchart
,Wheeler,WI,,715.632.2319 x3,,,,,,barchart
,Boyceville,WI,,715-643-2602,,,,,,barchart
,Bloomer,WI,,715-559-5803,,,,,,barchart
,Cadott,WI,,712-289-4056,,,,,,barchart
,Black Creek,WI,,920-734-1409,,,,,,barchart
,Chilton,WI,,920-849-9213 ,,,,,,barchart
,Readfield,WI,,920-667-4955,,,,,,barchart
,Cushing,WI,,(918) 225-6559,,,,,,barchart
,Columbus,WI,,(920) 623-4160,,,,,,barchart
,Marshall,WI,,(608) 834-2500,,,,,,barchart
,Jefferson,WI,,N/A,,,,,,barchart
,Monroe,WI,,N/A,,,,,,barchart
,Monroe,WI,,608-426-6534,,,,,,barchart
,Shullsburg,WI,,N/A,,,,,,barchart
,Lodi,WI,,608-592-3764,,,,,,barchart
,Cuba City,WI,,608-744-2287,,,,,,barchart
,Prairie Du Chien,WI,,319-465-6896,,,,,,barchart
,Ixonia,WI,,(920) 261-1718,,,,,,barchart
,Jefferson,WI,,9206477000,,,,,,barchart
,Spring Green,WI,,(608) 588-7239,,,,,,barchart
,Barron,WI,,715-537-3131,,,,,,barchart
,Medford,WI,,715-748-2096,,,,,,barchart
,Melrose,WI,,608-488-6661,,,,,,barchart
,Elk Mound,WI,,715-879-5586,,,,,,barchart
,Baldwin,WI,,715-246-5573,,,,,,barchart
,Embarrass,WI,,N/A,,,,,,barchart
,Arcadia,WI,,320-202-7451,,,,,,barchart
,Adams,WI,, 608-339-0357,,,,,,barchart
,Auburndale,WI,,715-687-4683,,,,,,barchart
,Blair,WI,,608-989-2298,,,,,,barchart
,Hixton,WI,,715-963-3211,,,,,,barchart
,Mauston,WI,,608-847-5212,,,,,,barchart
,Stratford,WI,,715-687-4683,,,,,,barchart
,Tomah,WI,,608-372-2090,,,,,,barchart
,Wisconsin Rapids,WI,,715-423-3000,,,,,,barchart
,Owen,WI,,920-775-4908,,,,,,barchart
,Stitzer,WI,,608-778-2556,,,,,,barchart
,Athens,WI,,(715) 257-7587,,,,,,barchart
,Bloomer ,WI,,(715) 568-2933,,,,,,barchart
,Boyd,WI,,(715) 667-3245,,,,,,barchart
,Dorchester,WI,,(715) 654-5559,,,,,,barchart
,Marathon,WI,,715-443-2424,,,,,,barchart
,Owen,WI,,715-654-5134,,,,,,barchart
,Sheldon,WI,,(715) 452-5111,,,,,,barchart
,Wausau,WI,, (715) 870-2455,,,,,,barchart
,Muscoda,WI,,608-739-3103,,,,,,barchart
,Chippewa Falls,WI,,715-288-5937,,,,,,barchart
,Darlington,WI,,608-762-5153,,,,,,barchart
,Friesland,WI,,920-348-5016,,,,,,barchart
,Boyceville,WI,,7158746593,,,,,,barchart
,Chippewa Falls,WI,,715.874.6593,,,,,,barchart
,Stevens Point,WI,,7155923715,,,,,,barchart
United Cooperative,Beaver Dam,WI,,,N7160 Raceway Rd.,dealer+warehouse,,,,registry-wi
United Wisconsin Grain Producers LLC,Friesland,WI,,,PO Box 247,dealer+warehouse,,,,registry-wi
Universal Co-operative Association,Lebanon,WI,,,PO Box 9,dealer+warehouse,,,,registry-wi
Van De Loo Feed & Grain,Kaukauna,WI,,,N2455 Ridge Creek Ct.,dealer+warehouse,,,,registry-wi
"Van Groll, Inc.",Kaukauna,WI,,,N1515 Vanden Broek Rd.,dealer+warehouse,,,,registry-wi
VP Holdings Corporation,Madison,WI,,,PO Box 259126,dealer+warehouse,,,,registry-wi
"Walsh Grain Farms, Inc.",Mauston,WI,,,N3092 Highway 12,dealer+warehouse,,,,registry-wi
"West Bend Elevator, Inc.",West Bend,WI,,,PO Box 408,dealer+warehouse,,,,registry-wi
"Westdale Farm, LLC",Centuria,WI,,,1854 190th St.,dealer+warehouse,,,,registry-wi
"Wheaton Grain, Inc.",Chippewa Falls,WI,,,5852 County Highway T,dealer+warehouse,,,,registry-wi
Wiese Brothers Farms,Greenleaf,WI,,,7043 Bunker Hill Rd.,dealer+warehouse,,,,registry-wi
"Willow Creek Grain, LLC",Berlin,WI,,,N2084 State Road 49,dealer+warehouse,,,,registry-wi
"Wisco Frozen Foods, Inc.",Abbotsford,WI,,,PO Box 128,dealer+warehouse,,,,registry-wi
"Wolters Farm, Inc.",Belmont,WI,,,24548 Center Dr.,dealer+warehouse,,,,registry-wi
"Zahn's Farms, LLC",Gillett,WI,,,11620 County Road H,dealer+warehouse,,,,registry-wi
"Zimmerman, Randy",Belleville,WI,,,W3962 County Road W,dealer+warehouse,,,,registry-wi
,Burns,WY,,(307) 547-3574,,,,,,barchart
,Pine Bluffs,WY,,(307) 245-3202,,,,,,barchart
,Pine Bluffs,WY,,307-245-3881,,,,,,barchart
,Albin,WY,,307-246-3581,,,,,,barchart
