operator,id,location,state,operator_home_state,home_count,total,miles_from_operator_centre,lat,lon
"Landus Cooperative","landus-rushville","Rushville","IN","IA","48","50","474","39.6192","-85.4321"
"Primient Grain","primientgrain-loudon","Loudon","TN","IL","12","16","377","35.734438","-84.3201597"
"Scott Equity Exchange","scottequityexchange-decaturds","Decatur-DS","IL","OH","3","4","244","39.8583","-88.9382"
"AGrowStar","agrowstar-conwaysc","CONWAY, SC","SC","GA","6","9","239","33.7713059","-79.0157904"
"Nutrition Service Co. LLC","nutritionservice-riceville","Riceville","IA","WI","5","6","228","43.3719","-92.5554"
"AGrowStar","agrowstar-kingstreesc","KINGSTREE, SC","SC","GA","6","9","193","33.7037038","-79.813279"
"AGrowStar","agrowstar-lynchburgsc","LYNCHBURG, SC","SC","GA","6","9","184","34.0563096","-80.0804613"
"Farmers Cooperative Dorchester","farmerscooperative-bungeemporia","{BUNGE - EMPORIA}","KS","NE","36","45","150","38.4184","-96.1871"
"Agtegra","agtegra-agpdawson","AGP Dawson","MN","SD","33","35","139","44.933071","-96.05867"
"CHS River Plains","chsriverplains-ashley","Ashley","ND","SD","10","12","117","46.03454","-99.37521"
"CHS River Plains","chsriverplains-strasburg","Strasburg","ND","SD","10","12","114","46.13374","-100.1535"
"Central Valley Ag","cvacoop365-oyens","Oyens","IA","NE","48","55","114","42.818994","-96.058455"
"Primient Grain","primientgrain-francesville","Francesville","IN","IL","12","16","105","40.9709","-86.8553"
"Central Valley Ag","cvacoop365-plymouthenergymerrill","Plymouth Energy-Merrill","IA","NE","48","55","103","42.730977","-96.250078"
"Central Valley Ag","cvacoop365-akron","Akron","IA","NE","48","55","101","42.8354","-96.5225"
"Wheatfield Grain","wheatfieldgrain-pawpaw","Paw Paw","MI","IN","5","7","100","42.187424","-85.968511"
"Central Valley Ag","cvacoop365-hinton","Hinton","IA","NE","48","55","96","42.626849","-96.289715"
"Innovative Ag Services","innovativeag-cubacity","Cuba City","WI","IA","43","45","95","42.5991","-90.4749"
"Landus Cooperative","landus-bricelyn","Bricelyn","MN","IA","48","50","92","43.5746","-93.8211"
"Central Valley Ag","cvacoop365-bungecouncilbluffs","Bunge Council Bluffs","IA","NE","48","55","88","41.2616","-95.8251"
"Primient Grain","primientgrain-lafayette","Lafayette","IN","IL","12","16","88","40.4001","-86.8602"
"Central Valley Ag","cvacoop365-cargillsiouxcity","Cargill Sioux City","IA","NE","48","55","86","42.50082","-96.39054"
"Agtegra","agtegra-hague","Hague","ND","SD","33","35","84","46.028892","-99.996313"
"CHS Illinois","chsillinois-davenport","Davenport","IA","IL","9","10","84","41.56538","-90.5916"
"Central Valley Ag","cvacoop365-agpsergeantbluff","AGP Sergeant Bluff","IA","NE","48","55","79","42.337511","-96.349643"
"Garden City Coo-op","gccoop-hookerelevator","Hooker Elevator","OK","KS","20","21","79","36.89262","-101.16053"
"Innovative Ag Services","innovativeag-bungepdc","BungePDC","WI","IA","43","45","74","43.0426","-91.1193"
"CHS High Plains","chshighplains-brule","Brule","NE","CO","18","19","70","41.09223","-101.88799"
"Primient Grain","primientgrain-fowler","Fowler","IN","IL","12","16","69","40.54543","-87.3234"
"FS Grain","fsgrain-admclintoncorn","ADM - Clinton Corn","IA","IL","49","51","67","41.8517","-90.2078"
"FS Grain","northerngrainmarketing-admclintoncorn","ADM - Clinton Corn","IA","IL","49","51","67","41.8517","-90.2078"
"Farmers Win Cooperative","farmerswin-houston","Houston","MN","IA","15","19","63","43.7929","-91.5626"
"CHS Herman","chsherman-wilmot","Wilmot","SD","MN","9","10","61","45.4125","-96.856"
"Farmers Pride Coop","farmerspridecoop-avon","Avon","SD","NE","5","6","61","43.00389","-98.05794"
"Farmers Cooperative Dorchester","farmerscooperative-bluerapids","BLUE RAPIDS","KS","NE","36","45","60","39.675","-96.6359"
"Farmers Win Cooperative","farmerswin-rushford","Rushford","MN","IA","15","19","60","43.8216","-91.7536"
"Legacy Coop","legacycoop-swettelevator","Swett Elevator","SD","NE","8","9","60","43.171518","-101.947949"
"James Valley Grain, LLC","jamesvalleygrain-agpaberdeensd","AGP - Aberdeen, SD","SD","ND","3","4","59","45.4661","-98.4856"
"Farmers Cooperative Dorchester","farmerscooperative-frankfort","FRANKFORT","KS","NE","36","45","58","39.7333","-96.5223"
"Farmers Cooperative Dorchester","farmerscooperative-frankfortshuttlelocation","FRANKFORT-SHUTTLE LOCATION","KS","NE","36","45","58","39.7333","-96.5223"
"Farmers Cooperative Dorchester","farmerscooperative-waterville","WATERVILLE","KS","NE","36","45","57","39.6971","-96.7498"
"Farmers Cooperative Dorchester","farmerscooperative-beattie","BEATTIE","KS","NE","36","45","50","39.8988","-96.4286"
"New Vision Co-op","newvision-agpsheldon","AGP Sheldon","IA","MN","20","22","49","43.1808","-95.8401"
"Farmers Cooperative Dorchester","farmerscooperative-herkimer","HERKIMER","KS","NE","36","45","48","39.8428","-96.6422"
"Farmers Win Cooperative","farmerswin-springgrove","Spring Grove","MN","IA","15","19","48","43.5623","-91.6368"
"Frontier Cooperative","frontiercooperative-sirecb","Sire CB","IA","NE","41","42","46","41.2616","-95.8251"
"Aurora Cooperative","auroracooperative-republic","Republic","KS","NE","15","16","45","39.9376","-97.8435"
"CHS Dakota Plains Ag","chsdakotaplainsag-clairecity","Claire City","SD","ND","6","7","43","45.8755","-97.1073"
"Farmers Win Cooperative","farmerswin-mabel","Mabel","MN","IA","15","19","43","43.5446","-91.7806"
"Farmers Cooperative Dorchester","farmerscooperative-hanover","HANOVER","KS","NE","36","45","42","39.8927","-96.8689"
"Farmers Cooperative Dorchester","farmerscooperative-marietta","MARIETTA","KS","NE","36","45","41","39.9598","-96.6235"
"Wheatfield Grain","wheatfieldgrain-crescentcity","Crescent City","IL","IN","5","7","41","40.7417","-87.849"
"New Vision Co-op","newvision-poetashton","POET Ashton","IA","MN","20","22","40","43.3053","-95.7655"
"Tettens Grain","tettensgrain-admclinton","ADM-Clinton","IA","IL","11","12","37","41.8517","-90.2078"
"CHS United Plains Ag","chsunitedplainsag-cheyennewells","Cheyenne Wells","CO","KS","6","7","33","38.82376","-102.35857"
"Cooperative Farmers Elevator (CFE)","coopfe-cfehudson","CFE Hudson","SD","IA","17","20","28","43.1292178","-96.4536489"
"Cooperative Farmers Elevator (CFE)","coopfe-cferushmore","CFE Rushmore","MN","IA","17","20","22","43.6183048","-95.8013613"
"CHS Drayton","chsdrayton-kennedy","Kennedy","MN","ND","4","5","20","48.6337","-96.9614"
"Cooperative Farmers Elevator (CFE)","coopfe-cfebigelow","CFE Bigelow","MN","IA","17","20","18","43.5003307","-95.6978529"
"Minn-Kota Ag Products, Inc.","mkap-breckenridge","Breckenridge","MN","ND","4","6","17","46.2797","-96.5622"
"Balk Grain and Trucking, Inc.","balkgrain-adm","ADM","IA","IL","3","4","16","41.8517","-90.2078"
"Minn-Kota Ag Products, Inc.","mkap-kent","Kent","MN","ND","4","6","13","46.4378","-96.6852"
